keyword_text,match_type,overlap_type,flag_type,flag_severity,flag_detail,location_a_campaign,location_a_adgroup,location_a_criterion_id,location_a_impressions,location_a_clicks,location_a_cost,location_a_conversions,location_b_campaign,location_b_adgroup,location_b_criterion_id,location_b_impressions,location_b_clicks,location_b_cost,location_b_conversions,negative_covered
schweisser jobs schweiz,BROAD + PHRASE,within_ad_group,MATCH_TYPE_REDUNDANCY,Low,"""schweisser jobs schweiz"" exists as BROAD, PHRASE in ad group ""STAN | HOME | BROAD""",EX | DE | DACH | SEARCH | LEAD | UMLAND TEST,STAN | HOME | BROAD,315747770388,0,0,0.00,0,EX | DE | DACH | SEARCH | LEAD | UMLAND TEST,STAN | HOME | BROAD,719863578150,0,0,0.00,0,
metallbauer jobs schweiz,BROAD + PHRASE,within_ad_group,MATCH_TYPE_REDUNDANCY,Low,"""metallbauer jobs schweiz"" exists as BROAD, PHRASE in ad group ""STAN | HOME | BROAD""",EX | DE | DACH | SEARCH | LEAD | UMLAND TEST,STAN | HOME | BROAD,378269064195,0,0,0.00,0,EX | DE | DACH | SEARCH | LEAD | UMLAND TEST,STAN | HOME | BROAD,1663887784483,0,0,0.00,0,
sanitärinstallateur offene stellen,EXACT + PHRASE,within_ad_group,MATCH_TYPE_REDUNDANCY,Low,"""sanitärinstallateur offene stellen"" exists as EXACT, PHRASE in ad group ""AG | RSA | Sanitärinstallateur""",EX | 25 | CH | SEARCH | LEAD | Sanitärinstallateur,AG | RSA | Sanitärinstallateur,23399998325,1,0,0.00,0,EX | 25 | CH | SEARCH | LEAD | Sanitärinstallateur,AG | RSA | Sanitärinstallateur,327020830076,98,6,10.07,0,
sanitärinstallateur jobs,BROAD + PHRASE,within_ad_group,MATCH_TYPE_REDUNDANCY,Low,"""sanitärinstallateur jobs"" exists as BROAD, PHRASE in ad group ""AG | RSA | Sanitärinstallateur""",EX | 25 | CH | SEARCH | LEAD | Sanitärinstallateur,AG | RSA | Sanitärinstallateur,313395867110,328,39,65.66,0,EX | 25 | CH | SEARCH | LEAD | Sanitärinstallateur,AG | RSA | Sanitärinstallateur,426119976601,7,0,0.00,0,
elektriker stellenangebote,PHRASE + EXACT,within_ad_group,MATCH_TYPE_REDUNDANCY,Low,"""elektriker stellenangebote"" exists as PHRASE, EXACT in ad group ""AG | RSA | Elektroinstallateur""",EX | 26 | CH | SEARCH | LEAD | Elektroinstallateur,AG | RSA | Elektroinstallateur,1373871036,82,6,8.10,0,EX | 26 | CH | SEARCH | LEAD | Elektroinstallateur,AG | RSA | Elektroinstallateur,2183921581,0,0,0.00,0,
elektroinstallateur temporär,EXACT + PHRASE,within_ad_group,MATCH_TYPE_REDUNDANCY,Low,"""elektroinstallateur temporär"" exists as EXACT, PHRASE in ad group ""AG | RSA | Elektroinstallateur""",EX | 26 | CH | SEARCH | LEAD | Elektroinstallateur,AG | RSA | Elektroinstallateur,335901944824,20,3,5.80,0,EX | 26 | CH | SEARCH | LEAD | Elektroinstallateur,AG | RSA | Elektroinstallateur,1457418674783,66,13,29.67,0.051492,
electrician jobs switzerland,EXACT + PHRASE,within_ad_group,MATCH_TYPE_REDUNDANCY,Low,"""electrician jobs switzerland"" exists as EXACT, PHRASE in ad group ""AG | RSA | Elektroinstallateur""",EX | 26 | CH | SEARCH | LEAD | Elektroinstallateur,AG | RSA | Elektroinstallateur,1066748893805,4,0,0.00,0,EX | 26 | CH | SEARCH | LEAD | Elektroinstallateur,AG | RSA | Elektroinstallateur,1232436323910,3,0,0.00,0,
maler job schweiz,EXACT + PHRASE,within_ad_group,MATCH_TYPE_REDUNDANCY,Low,"""maler job schweiz"" exists as EXACT, PHRASE in ad group ""AG | RSA | Maler""",EX | 26 | CH | SEARCH | LEAD | Maler,AG | RSA | Maler,356733197182,13,3,3.60,0,EX | 26 | CH | SEARCH | LEAD | Maler,AG | RSA | Maler,358674935749,29,2,3.17,0,
maler gipser jobs,EXACT + PHRASE,within_ad_group,MATCH_TYPE_REDUNDANCY,Low,"""maler gipser jobs"" exists as EXACT, PHRASE in ad group ""AG | RSA | Maler""",EX | 26 | CH | SEARCH | LEAD | Maler,AG | RSA | Maler,485332785837,0,0,0.00,0,EX | 26 | CH | SEARCH | LEAD | Maler,AG | RSA | Maler,501052987324,19,3,3.42,0,
heizung job,BROAD + PHRASE,within_ad_group,MATCH_TYPE_REDUNDANCY,Low,"""heizung job"" exists as BROAD, PHRASE in ad group ""AG | RSA | Heizungsinstallateur KW Testing""",EX | 25 | CH | SEARCH | LEAD | Heizungsinstallateur,AG | RSA | Heizungsinstallateur KW Testing,303135343129,0,0,0.00,0,EX | 25 | CH | SEARCH | LEAD | Heizungsinstallateur,AG | RSA | Heizungsinstallateur KW Testing,516416236054,23,1,1.03,0,
cnc fräser jobs,PHRASE + BROAD,within_ad_group,MATCH_TYPE_REDUNDANCY,Low,"""cnc fräser jobs"" exists as PHRASE, BROAD in ad group ""AG | RSA | Metallbaukonstukteur KW Testing""",EX | 26 | CH | SEARCH | LEAD | Metallbaukonstrukteur,AG | RSA | Metallbaukonstukteur KW Testing,304435562818,0,0,0.00,0,EX | 26 | CH | SEARCH | LEAD | Metallbaukonstrukteur,AG | RSA | Metallbaukonstukteur KW Testing,365166689237,0,0,0.00,0,
gerüstbauer jobs,EXACT + PHRASE,within_ad_group,MATCH_TYPE_REDUNDANCY,Low,"""gerüstbauer jobs"" exists as EXACT, PHRASE in ad group ""AG | RSA | Gerüstbauer""",EX | 25 | CH | SEARCH | LEAD | Gerüstbauer,AG | RSA | Gerüstbauer,12301937110,22,2,2.97,0,EX | 25 | CH | SEARCH | LEAD | Gerüstbauer,AG | RSA | Gerüstbauer,307767267753,50,8,18.77,0,
trockenbauer jobs schweiz,BROAD vs PHRASE,cross_campaign,CROSS_CAMPAIGN_MATCH_CONFLICT,Medium,"""trockenbauer jobs schweiz"": BROAD in ""EX | DE | DACH | SEARCH | LEAD | UMLAND TEST"", PHRASE in ""EX | 26 | CH | SEARCH | LEAD | Trockenbauer""",EX | DE | DACH | SEARCH | LEAD | UMLAND TEST,STAN | HOME | BROAD,576617117712,1,0,0.00,0,EX | 26 | CH | SEARCH | LEAD | Trockenbauer,AG | RSA | Trockenbauer,1255054755777,33,9,26.49,0,
elektriker stellenangebote,PHRASE/EXACT vs EXACT,cross_campaign,CROSS_CAMPAIGN_MATCH_CONFLICT,Medium,"""elektriker stellenangebote"": PHRASE/EXACT in ""EX | 26 | CH | SEARCH | LEAD | Elektroinstallateur"", EXACT in ""EX | 25 | CH | SEARCH | LEAD | Montage-Elektriker""",EX | 26 | CH | SEARCH | LEAD | Elektroinstallateur,AG | RSA | Elektroinstallateur,1373871036,82,6,8.10,0,EX | 25 | CH | SEARCH | LEAD | Montage-Elektriker,AG | RSA | Montage-Elektriker,2183921581,0,0,0.00,0,
montage elektriker efz,EXACT vs BROAD,cross_campaign,CROSS_CAMPAIGN_MATCH_CONFLICT,Medium,"""montage elektriker efz"": EXACT in ""EX | 26 | CH | SEARCH | LEAD | Elektroinstallateur"", BROAD in ""EX | 25 | CH | SEARCH | LEAD | Montage-Elektriker""",EX | 26 | CH | SEARCH | LEAD | Elektroinstallateur,AG | RSA | Elektroinstallateur,389508555555,0,0,0.00,0,EX | 25 | CH | SEARCH | LEAD | Montage-Elektriker,AG | RSA | Montage-Elektriker,349728739356,117,6,10.68,0.488491,
cnc fräser jobs,PHRASE vs PHRASE/BROAD,cross_campaign,CROSS_CAMPAIGN_MATCH_CONFLICT,Medium,"""cnc fräser jobs"": PHRASE in ""EX | 25 | CH | SEARCH | LEAD | Polymechaniker"", PHRASE/BROAD in ""EX | 26 | CH | SEARCH | LEAD | Metallbaukonstrukteur""",EX | 25 | CH | SEARCH | LEAD | Polymechaniker,AG | RSA | Polymechaniker | KW Testing,304435562818,1,0,0.00,0,EX | 26 | CH | SEARCH | LEAD | Metallbaukonstrukteur,AG | RSA | Metallbaukonstukteur KW Testing,304435562818,0,0,0.00,0,
polymechaniker schweiz,BROAD,duplicate,DUPLICATE_KEYWORD,Medium,"""polymechaniker schweiz"" [BROAD] exists in 2 locations: ""EX | DE | DACH | SEARCH | LEAD | UMLAND TEST > STAN | HOME | BROAD"", ""EX | 25 | CH | SEARCH | LEAD | Polymechaniker > AG | RSA | Polymechaniker""",EX | DE | DACH | SEARCH | LEAD | UMLAND TEST,STAN | HOME | BROAD,303240766784,2331,262,284.61,7,EX | 25 | CH | SEARCH | LEAD | Polymechaniker,AG | RSA | Polymechaniker,303240766784,1346,86,145.56,1.5,
elektriker stellenangebote,EXACT,duplicate,DUPLICATE_KEYWORD,Medium,"""elektriker stellenangebote"" [EXACT] exists in 2 locations: ""EX | 26 | CH | SEARCH | LEAD | Elektroinstallateur > AG | RSA | Elektroinstallateur"", ""EX | 25 | CH | SEARCH | LEAD | Montage-Elektriker > AG | RSA | Montage-Elektriker""",EX | 26 | CH | SEARCH | LEAD | Elektroinstallateur,AG | RSA | Elektroinstallateur,2183921581,0,0,0.00,0,EX | 25 | CH | SEARCH | LEAD | Montage-Elektriker,AG | RSA | Montage-Elektriker,2183921581,0,0,0.00,0,
cnc fräser jobs,PHRASE,duplicate,DUPLICATE_KEYWORD,Medium,"""cnc fräser jobs"" [PHRASE] exists in 2 locations: ""EX | 25 | CH | SEARCH | LEAD | Polymechaniker > AG | RSA | Polymechaniker | KW Testing"", ""EX | 26 | CH | SEARCH | LEAD | Metallbaukonstrukteur > AG | RSA | Metallbaukonstukteur KW Testing""",EX | 25 | CH | SEARCH | LEAD | Polymechaniker,AG | RSA | Polymechaniker | KW Testing,304435562818,1,0,0.00,0,EX | 26 | CH | SEARCH | LEAD | Metallbaukonstrukteur,AG | RSA | Metallbaukonstukteur KW Testing,304435562818,0,0,0.00,0,
