placement,display_name,placement_type,campaign_name,campaign_channel_type,impressions,cost
"UCYXIviXPAaaaU_AOotpXTAw","Revive Music","YOUTUBE_CHANNEL","Video View DRAFT","VIDEO",2847,23.13
"UC-4Tzd5lIRU7lcv7_5OO01Q","unsympathischTV","YOUTUBE_CHANNEL","Video View DRAFT","VIDEO",2208,14.86
"UC7Tmdxj18fdu4tTtxVUhoCA","Jocuri Horror","YOUTUBE_CHANNEL","Video View DRAFT","VIDEO",2201,13.73
"UCoMdktPbSTixAyNGwb-UYkQ","Sky News","YOUTUBE_CHANNEL","Video View DRAFT","VIDEO",1684,11.44
"UCg3gzldyhCHJjY7AWWTNPPA","Sam and Colby","YOUTUBE_CHANNEL","Video View DRAFT","VIDEO",1186,7.29
"UC0L1suV8pVgO4pCAIBNGx5w","60 Minutes Australia","YOUTUBE_CHANNEL","Video View DRAFT","VIDEO",1045,6.61
"UCpXBGqwsBkpvcYjsJBQ7LEQ","Critical Role","YOUTUBE_CHANNEL","Video View DRAFT","VIDEO",808,5.74
"UCMtFAi84ehTSYSE9XoHefig","The Late Show with Stephen Colbert","YOUTUBE_CHANNEL","Video View DRAFT","VIDEO",908,5.63
"UC02gw9sHi8uD7NskbUaFZwA","Zwischen Tüll & Tränen","YOUTUBE_CHANNEL","Video View DRAFT","VIDEO",733,5.22
"UCwYQXYfPHTZKANHzBHdYo2w","ANATOLY","YOUTUBE_CHANNEL","Video View DRAFT","VIDEO",733,5.06
"UCVTyTA7-g9nopHeHbeuvpRA","Late Night with Seth Meyers","YOUTUBE_CHANNEL","Video View DRAFT","VIDEO",757,4.75
"UCnSWkrRWNQWNhDusoWr_HXQ","SML","YOUTUBE_CHANNEL","Video View DRAFT","VIDEO",748,4.49
"UC3RYNOKIpKE_2P-5ZapWIYg","KingWoolz Games","YOUTUBE_CHANNEL","Video View DRAFT","VIDEO",618,4.16
"UCjiXtODGCCulmhwypZAWSag","Jynxzi","YOUTUBE_CHANNEL","Video View DRAFT","VIDEO",615,4.15
"UCaXkIU1QidjPwiAYu6GcHjg","MS NOW","YOUTUBE_CHANNEL","Video View DRAFT","VIDEO",741,4.03
"UCHE7rAi1Fw1CBmQXFtvJmrw","LIVELOVEASAPVEVO","YOUTUBE_CHANNEL","Video View DRAFT","VIDEO",605,3.94
"UC4eYXhJI4-7wSWc8UNRwD4A","NPR Music","YOUTUBE_CHANNEL","Video View DRAFT","VIDEO",476,3.76
"UCaWd5_7JhbQBe4dknZhsHJg","WatchMojo.com","YOUTUBE_CHANNEL","Video View DRAFT","VIDEO",509,3.67
"UCulYu1HEIa7f70L2lYZWHOw","michaeljacksonVEVO","YOUTUBE_CHANNEL","Video View DRAFT","VIDEO",510,3.67
"UCJ2ZDzMRgSrxmwphstrm8Ww","Smosh Games","YOUTUBE_CHANNEL","Video View DRAFT","VIDEO",523,3.62
"UCRvgf8_Dvfo8Yh7EqlOreYQ","Europe Hits Different","YOUTUBE_CHANNEL","Video View DRAFT","VIDEO",514,3.61
"UCYF1kiTFCcYPqGTqXKt3JJg","Papa Meat","YOUTUBE_CHANNEL","Video View DRAFT","VIDEO",532,3.61
"UCGq-a57w-aPwyi3pW7XLiHw","The Diary Of A CEO","YOUTUBE_CHANNEL","Video View DRAFT","VIDEO",560,3.56
"UCEOC8NmiqaNOMcBMFuXxpbg","My Style Rocks Germany","YOUTUBE_CHANNEL","Video View DRAFT","VIDEO",481,3.55
"UCWGljB8djPusdaKtVx1UKfg","UPROXX","YOUTUBE_CHANNEL","Video View DRAFT","VIDEO",592,3.51
"UC0gOw4iy-6HwO01q-gA1B0Q","Lil Peep","YOUTUBE_CHANNEL","Video View DRAFT","VIDEO",568,3.4
"UC2qn0BbyTywWCuAy1f1ecfg","Naomi Jon","YOUTUBE_CHANNEL","Video View DRAFT","VIDEO",481,3.37
"UCljRE_acPpAaKI9yPfVZduA","Two and a Half Men","YOUTUBE_CHANNEL","Video View DRAFT","VIDEO",591,3.31
"UCg18_1IaazL9VqBegOOt2tQ","Layze","YOUTUBE_CHANNEL","Video View DRAFT","VIDEO",515,3.23
"UCgFFMzzYIYYn3T6M-v8Kfsw","Double Bubble","YOUTUBE_CHANNEL","Video View DRAFT","VIDEO",477,3.1
"UCAkIMkEaa9sZmjcy7mfd5lQ","Gunna","YOUTUBE_CHANNEL","Video View DRAFT","VIDEO",469,3.07
"UCJ_cJSfxvUG3H-Q_5ylW7xg","The Bands of HM Royal Marines","YOUTUBE_CHANNEL","Video View DRAFT","VIDEO",486,3.03
"UCJ5v_MCY6GNUBTO8-D3XoAg","WWE","YOUTUBE_CHANNEL","Video View DRAFT","VIDEO",470,2.98
"UCT5C7yaO3RVuOgwP8JVAujQ","Taskmaster","YOUTUBE_CHANNEL","Video View DRAFT","VIDEO",396,2.92
"UCEjIjshJ8bvvCkGNk0pkYcA","Jesse James West","YOUTUBE_CHANNEL","Video View DRAFT","VIDEO",374,2.9
"UCepVy23t8l-CEaASZzfo9Jg","Fashion Channel","YOUTUBE_CHANNEL","Video View DRAFT","VIDEO",378,2.85
"UCA61H4fWOMHikLcUFKyQUog","KATSEYE","YOUTUBE_CHANNEL","Video View DRAFT","VIDEO",396,2.83
"UCRXiA3h1no_PFkb1JCP0yMA","Vogue","YOUTUBE_CHANNEL","Video View DRAFT","VIDEO",360,2.8
"UC6qlrOtDPxx_QwWP8Ig6OIw","GinoMachino","YOUTUBE_CHANNEL","Video View DRAFT","VIDEO",426,2.75
"UCtPrkXdtCM5DACLufB9jbsA","MrBallen","YOUTUBE_CHANNEL","Video View DRAFT","VIDEO",409,2.71
"UCyNzZ1wgkOWkzYE0zbs7zhA","Jynxzi Live","YOUTUBE_CHANNEL","Video View DRAFT","VIDEO",396,2.69
"UCYJPby9DRCteedh5tfxVbrw","Smosh Pit","YOUTUBE_CHANNEL","Video View DRAFT","VIDEO",409,2.67
"UC-yXuc1__OzjwpsJPlxYUCQ","WORLDSTARHIPHOP","YOUTUBE_CHANNEL","Video View DRAFT","VIDEO",400,2.66
"UCtylTUUVIGY_i5afsQYeBZA","Lyrical Lemonade","YOUTUBE_CHANNEL","Video View DRAFT","VIDEO",416,2.64
"UCmBA_wu8xGg1OfOkfW13Q0Q","Bad Bunny","YOUTUBE_CHANNEL","Video View DRAFT","VIDEO",394,2.63
"UCGRryxFxjXbVAtBPE9EbyMg","Joe Bartolozzi","YOUTUBE_CHANNEL","Video View DRAFT","VIDEO",394,2.6
"UCdtXPiqI2cLorKaPrfpKc4g","Entertainment Tonight","YOUTUBE_CHANNEL","Video View DRAFT","VIDEO",375,2.59
"UC3cpN6gcJQqcCM6mxRUo_dA","Wendigoon","YOUTUBE_CHANNEL","Video View DRAFT","VIDEO",368,2.55
"UCiYcA0gJzg855iSKMrX3oHg","CoryxKenshin","YOUTUBE_CHANNEL","Video View DRAFT","VIDEO",376,2.53
"UCg3EL0TgTv8vURAtZp0POTg","MomentoTempusMedia","YOUTUBE_CHANNEL","Video View DRAFT","VIDEO",356,2.52
"UCpRC70yPrg3uFA6P8T8V5Zw","Behind the Veil","YOUTUBE_CHANNEL","Video View DRAFT","VIDEO",394,2.5
"UCDBCCMlFD-hArPbWv38FINA","Daz Games","YOUTUBE_CHANNEL","Video View DRAFT","VIDEO",378,2.49
"UCYyFEZ-3Hy4pdLFctDtRu3w","Beat-Club","YOUTUBE_CHANNEL","Video View DRAFT","VIDEO",360,2.48
"UC-mP1nlk0qOutA08zuQHORA","Patrick Cc:","YOUTUBE_CHANNEL","Video View DRAFT","VIDEO",421,2.47
"UCd9TUql8V7J-Xy1RNgA7MlQ","zanny","YOUTUBE_CHANNEL","Video View DRAFT","VIDEO",354,2.41
"UCAptZHV2-xkB4GJGgSKRsHQ","Новий канал","YOUTUBE_CHANNEL","Video View DRAFT","VIDEO",332,2.36
"UCgxXKGdzo7jk4DxjTywCTew","Skumnut","YOUTUBE_CHANNEL","Video View DRAFT","VIDEO",417,2.35
"UCRHXUZ0BxbkU2MYZgsuFgkQ","The Spiffing Brit","YOUTUBE_CHANNEL","Video View DRAFT","VIDEO",358,2.35
"UC_gSotrFVZ_PiAxo3fTQVuQ","Magnus Midtbø","YOUTUBE_CHANNEL","Video View DRAFT","VIDEO",284,2.32
"UCFNosi99Sp0_eLilBiXmmXA","FutureVEVO","YOUTUBE_CHANNEL","Video View DRAFT","VIDEO",391,2.32
"UCQznUf1SjfDqx65hX3zRDiA","DrakeVEVO","YOUTUBE_CHANNEL","Video View DRAFT","VIDEO",341,2.28
"UC7zsxKqd5MicTf4VhS9Y74g","Kurtis Conner","YOUTUBE_CHANNEL","Video View DRAFT","VIDEO",338,2.27
"UCzQUP1qoWDoEbmsQxvdjxgQ","PowerfulJRE","YOUTUBE_CHANNEL","Video View DRAFT","VIDEO",353,2.24
"UC2a9zmrdjvLsrRgi4G4blWw","MGKVEVO","YOUTUBE_CHANNEL","Video View DRAFT","VIDEO",369,2.24
"UCqFzWxSCi39LnW1JKFR3efg","Saturday Night Live","YOUTUBE_CHANNEL","Video View DRAFT","VIDEO",311,2.2
"UCp0urejlDaYz4G8xpTxdIvw","PEARL TV","YOUTUBE_CHANNEL","Video View DRAFT","VIDEO",276,2.13
"UCEzuOCz9-i0TSLePSbIoPWA","Amplified - Classic Rock & Music History","YOUTUBE_CHANNEL","Video View DRAFT","VIDEO",336,2.13
"UCzEnk4KWFlSj_PjXLz0-GMA","EmKay","YOUTUBE_CHANNEL","Video View DRAFT","VIDEO",347,2.09
"UCCxmzh3f-wwRZ-bEdLb80Og","The Big Bang Theory","YOUTUBE_CHANNEL","Video View DRAFT","VIDEO",346,2.09
"UCAR30oDTNbJE-Zd2NDg1mTQ","Electric Callboy","YOUTUBE_CHANNEL","Video View DRAFT","VIDEO",294,2.08
"UC8M5YVWQan_3Elm-URehz9w","Utopia Show","YOUTUBE_CHANNEL","Video View DRAFT","VIDEO",353,2.05
"UCUUUpaMp8DV6KUOfQwoIiLg","WOWPresents","YOUTUBE_CHANNEL","Video View DRAFT","VIDEO",308,2.02
"UC0DUAbtR2wOLMvlvDCzSHrQ","Iron Age","YOUTUBE_CHANNEL","Video View DRAFT","VIDEO",314,2.02
"UCPW5hBUmI-bsdWCMoD78tHw","Владимир Шмонденко","YOUTUBE_CHANNEL","Video View DRAFT","VIDEO",297,2.02
"UCmyjVwYZbp5YPYTUyeopO2g","Pawn Stars","YOUTUBE_CHANNEL","Video View DRAFT","VIDEO",314,2.01
"UC3gNmTGu-TTbFPpfSs5kNkg","Movieclips","YOUTUBE_CHANNEL","Video View DRAFT","VIDEO",268,2
"UCTGbDM6lZnKFctFA5GOU0Kg","KornVEVO","YOUTUBE_CHANNEL","Video View DRAFT","VIDEO",290,1.99
"UC1GSWeLsWRIpr39_jCBteSA","Kayla Shyx","YOUTUBE_CHANNEL","Video View DRAFT","VIDEO",267,1.96
"UCuB3qjWes1E8t4yUmbP360Q","Sashka","YOUTUBE_CHANNEL","Video View DRAFT","VIDEO",257,1.93
"UC7lvJ9GrnjdQ62fY08NBXZw","Balarke","YOUTUBE_CHANNEL","Video View DRAFT","VIDEO",301,1.92
"UCDogdKl7t7NHzQ95aEwkdMw","Sidemen","YOUTUBE_CHANNEL","Video View DRAFT","VIDEO",281,1.9
"UCnH8al10BzxCg-N-69Syqjg","Trap Lore Ross","YOUTUBE_CHANNEL","Video View DRAFT","VIDEO",313,1.87
"UCtdLtIKzgme3iaYy2n7x7eA","SHIFT","YOUTUBE_CHANNEL","Video View DRAFT","VIDEO",254,1.87
"UCsbyLdyxkbn0g8Nnw1h9zzw","Natalia Rotari","YOUTUBE_CHANNEL","Video View DRAFT","VIDEO",277,1.86
"UCarhVHQDU63divhaYPScVnQ","Overanalyzing Avatar","YOUTUBE_CHANNEL","Video View DRAFT","VIDEO",310,1.85
"UC3rLoj87ctEHCcS7BuvIzkQ","MsMojo","YOUTUBE_CHANNEL","Video View DRAFT","VIDEO",261,1.84
"UC7RNjS5nGShmMSuMcVgUyjQ","Marlon","YOUTUBE_CHANNEL","Video View DRAFT","VIDEO",276,1.83
"UCsEukrAd64fqA7FjwkmZ_Dw","GQ","YOUTUBE_CHANNEL","Video View DRAFT","VIDEO",262,1.83
"UCHW2YQeMezacWjwFK6wufjw","ChainsFR Shorts","YOUTUBE_CHANNEL","Video View DRAFT","VIDEO",271,1.81
"UCKrdjiuS66yXOdEZ_cOD_TA","Megan Thee Stallion","YOUTUBE_CHANNEL","Video View DRAFT","VIDEO",252,1.79
"UCsWqHrJvOU_uukQCU92VEvw","Dominic Fike - Topic","YOUTUBE_CHANNEL","Video View DRAFT","VIDEO",277,1.78
"UCulXXKKrC3LjQpxGNPNMFPA","Flats","YOUTUBE_CHANNEL","Video View DRAFT","VIDEO",268,1.77
"UCHXXj0KkMdqW8SDOSoftesg","GroovyGavin","YOUTUBE_CHANNEL","Video View DRAFT","VIDEO",263,1.76
"UCiER8p540j2SosO7OX7E0VA","Legends of Avantris","YOUTUBE_CHANNEL","Video View DRAFT","VIDEO",293,1.76
"UC2IYWWifoIht9T47z1Z5lJw","Dead Meat","YOUTUBE_CHANNEL","Video View DRAFT","VIDEO",259,1.76
"UCSUf5_EPEfl4zlBKZHkZdmw","Danny Gonzalez","YOUTUBE_CHANNEL","Video View DRAFT","VIDEO",278,1.73
"UCVp3nfGRxmMadNDuVbJSk8A","Wiz Khalifa","YOUTUBE_CHANNEL","Video View DRAFT","VIDEO",249,1.72
"UCGBpxWJr9FNOcFYA5GkKrMg","Boiler Room","YOUTUBE_CHANNEL","Video View DRAFT","VIDEO",228,1.72
"UCGgOzqE4t_fTomjsErm8xNw","Männerstil Akademie","YOUTUBE_CHANNEL","Video View DRAFT","VIDEO",250,1.71
"UCq6VFHwMzcMXbuKyG7SQYIg","penguinz0","YOUTUBE_CHANNEL","Video View DRAFT","VIDEO",296,1.71
"UCzZOF5BnSi3MSM5AvBQ3vnw","Gym Raiders","YOUTUBE_CHANNEL","Video View DRAFT","VIDEO",254,1.71
"UCwUNbp_4Y2Ry-asyerw2jew","StarTvGreece","YOUTUBE_CHANNEL","Video View DRAFT","VIDEO",287,1.71
"UCENdrrK5sWM-RV5nTLwBNXw","The Howard Stern Show","YOUTUBE_CHANNEL","Video View DRAFT","VIDEO",266,1.7
"UC9N0DmacOi4iWKQyygX89OQ","FightinCowboy","YOUTUBE_CHANNEL","Video View DRAFT","VIDEO",264,1.67
"UCzmd_z3BAaFmztmPgD5-n2g","Bud Wooley","YOUTUBE_CHANNEL","Video View DRAFT","VIDEO",278,1.67
"UCr45VhwCBYwMfdN-gz7W_OA","Insomniac","YOUTUBE_CHANNEL","Video View DRAFT","VIDEO",217,1.65
"UCCIWI55Xwn91jxDJwyCTsfA","PixelDrink","YOUTUBE_CHANNEL","Video View DRAFT","VIDEO",258,1.64
"UC8pOnl4XYXcKfZ_aWBO0o_A","JiDionPremium ","YOUTUBE_CHANNEL","Video View DRAFT","VIDEO",241,1.64
"UCB2wtYpfbCpYDc5TeTwuqFA","Will Tennyson","YOUTUBE_CHANNEL","Video View DRAFT","VIDEO",232,1.63
"UCmm6-VuugeKmgHmuneX1FGw","the detail.","YOUTUBE_CHANNEL","Video View DRAFT","VIDEO",267,1.62
"UCz8K1occVvDTYDfFo7N5EZw","Law&Crime Network","YOUTUBE_CHANNEL","Video View DRAFT","VIDEO",229,1.62
"UCZBY6V8Lxmwu8gGRBOyO11w","Kubz Scouts","YOUTUBE_CHANNEL","Video View DRAFT","VIDEO",294,1.62
"UCuwdplPbuTFZj_64d03tSBA","Young Thug","YOUTUBE_CHANNEL","Video View DRAFT","VIDEO",234,1.62
"UCiCUz1bHid4H9mu6g2IOjXg","The Media Knights","YOUTUBE_CHANNEL","Video View DRAFT","VIDEO",207,1.61
"UCrlI-2z6VG1g3U9wFLgj0cQ","Fitnes Raiders","YOUTUBE_CHANNEL","Video View DRAFT","VIDEO",218,1.61
"UC_eQfAQjj6mYj92l3SBmIdg","Harlem Fetty","YOUTUBE_CHANNEL","Video View DRAFT","VIDEO",230,1.61
"UCa6vGFO9ty8v5KZJXQxdhaw","Jimmy Kimmel Live","YOUTUBE_CHANNEL","Video View DRAFT","VIDEO",335,1.59
"UCUs8sGiP4avNaYNVO22INhQ","mgk","YOUTUBE_CHANNEL","Video View DRAFT","VIDEO",253,1.59
"UC7qZ_e097NBkgOljy1joVRA","The Daily Beast","YOUTUBE_CHANNEL","Video View DRAFT","VIDEO",273,1.58
"UCqwxMqUcL-XC3D9-fTP93Mg","LIL UZI VERT","YOUTUBE_CHANNEL","Video View DRAFT","VIDEO",259,1.58
"UC0sEIyXXalzD1lbwm3D2xpA","RuPaul's Drag Race","YOUTUBE_CHANNEL","Video View DRAFT","VIDEO",242,1.58
"UCu7TZ_ATWgjgD9IrNLdnYDA","Little Big","YOUTUBE_CHANNEL","Video View DRAFT","VIDEO",244,1.57
"UCbaGn5VkOVlcRgIWAHcrJKA","Cut","YOUTUBE_CHANNEL","Video View DRAFT","VIDEO",229,1.57
"UC5RrGzC-JXglhFW5NhT4r6w","2Pac - Topic","YOUTUBE_CHANNEL","Video View DRAFT","VIDEO",261,1.57
"UCWALT-gk346FOc5DtUC4ZdQ","","YOUTUBE_CHANNEL","Video View DRAFT","VIDEO",216,1.57
"UCwc_RHwAPPaEh-jtwClpVrg","Charlotte Dobre","YOUTUBE_CHANNEL","Video View DRAFT","VIDEO",232,1.57
"UCpmvp5czsIrQHsbqya4-6Jw","Chad Chad","YOUTUBE_CHANNEL","Video View DRAFT","VIDEO",242,1.54
"UCB_Z6rBg3WW3NL4-QimhC2A","The Rolling Stones","YOUTUBE_CHANNEL","Video View DRAFT","VIDEO",218,1.53
"UCXDb7USogA0cr9nFsHcqtjw","jenn","YOUTUBE_CHANNEL","Video View DRAFT","VIDEO",242,1.53
"UCDUNe-NZaknJOGyulc4Ohvg","The Ed Sullivan Show","YOUTUBE_CHANNEL","Video View DRAFT","VIDEO",231,1.53
"UC1cyGje-DRza7ei9M_oYHNA","Grey Wiese","YOUTUBE_CHANNEL","Video View DRAFT","VIDEO",246,1.52
"UC2wOn-kGm3VDX_px3N2Wlaw","Alex Hefner's TV & Movie Vault","YOUTUBE_CHANNEL","Video View DRAFT","VIDEO",209,1.51
"UC5sGdW8Jf7ijogDhcIFRmlw","Kalogeras Sisters ","YOUTUBE_CHANNEL","Video View DRAFT","VIDEO",216,1.51
"UCOo_v3eVbfET7_zi2KLOP9g","Binge Society","YOUTUBE_CHANNEL","Video View DRAFT","VIDEO",192,1.5
"UCJZWYrX3FTpK_TVAF_8NU3Q","GENER8ION","YOUTUBE_CHANNEL","Video View DRAFT","VIDEO",197,1.49
"UCzXwjTI6c6mVn6oui_p6oiw","SMii7Y","YOUTUBE_CHANNEL","Video View DRAFT","VIDEO",236,1.49
"UC3HtAuO6691STRIhf6u5dVw","Freaks Ent.","YOUTUBE_CHANNEL","Video View DRAFT","VIDEO",206,1.48
"UCk_yrKoKi74gKCCWVRyvwYw","World of Io - Ioverse","YOUTUBE_CHANNEL","Video View DRAFT","VIDEO",221,1.48
"UC-XpWwkKCLxaVNoIXpIegmQ","Kiki Chanel","YOUTUBE_CHANNEL","Video View DRAFT","VIDEO",198,1.48
"UCnM02drQP-dF7WMgtJHR4Xw","Mr. Nightmare","YOUTUBE_CHANNEL","Video View DRAFT","VIDEO",210,1.47
"UChEYVadfkMCfrKUi6qr3I1Q","Kodak Black","YOUTUBE_CHANNEL","Video View DRAFT","VIDEO",220,1.45
"UCupvZG-5ko_eiXAupbDfxWw","CNN","YOUTUBE_CHANNEL","Video View DRAFT","VIDEO",262,1.45
"UCPr3T20IPZ03gU9gZ2BwM5g","The Click","YOUTUBE_CHANNEL","Video View DRAFT","VIDEO",241,1.45
"UCzfyYtgvkx5mLy8nlLlayYg","Vivziepop","YOUTUBE_CHANNEL","Video View DRAFT","VIDEO",223,1.44
"UC63anZxfVGHUEmfBAf5w7pw","CaseOh","YOUTUBE_CHANNEL","Video View DRAFT","VIDEO",253,1.44
"UCz95kD99JQ8sRez11-COg5g","Reggie","YOUTUBE_CHANNEL","Video View DRAFT","VIDEO",231,1.44
"UCERUmrDh9hmqEXBsnYFNTIA","DashieGames","YOUTUBE_CHANNEL","Video View DRAFT","VIDEO",237,1.43
"UCyNUmnz9m3hbXbVeH23FLDg","Swimwear & Underwear","YOUTUBE_CHANNEL","Video View DRAFT","VIDEO",219,1.43
"UCbp9MyKCTEww4CxEzc_Tp0Q","Stokes Twins","YOUTUBE_CHANNEL","Video View DRAFT","VIDEO",188,1.43
"UC9CuvdOVfMPvKCiwdGKL3cQ","GameGrumps","YOUTUBE_CHANNEL","Video View DRAFT","VIDEO",221,1.42
"UCadMpX28EMXTCYYBg1DUJIg","Skeeter Jean","YOUTUBE_CHANNEL","Video View DRAFT","VIDEO",233,1.42
"UCaDkWNQDehTPsKlCBwcgSjQ","YB Vault","YOUTUBE_CHANNEL","Video View DRAFT","VIDEO",254,1.41
"UCJjSDX-jUChzOEyok9XYRJQ","Jubilee","YOUTUBE_CHANNEL","Video View DRAFT","VIDEO",187,1.41
"UCG4yz4wtp2E5S62L06yqC9w","ИЛЬДАР АВТО-ПОДБОР","YOUTUBE_CHANNEL","Video View DRAFT","VIDEO",221,1.4
"UCn7Ef9w8dTXyk9kNgti9aWw","BizarreBub","YOUTUBE_CHANNEL","Video View DRAFT","VIDEO",215,1.4
"UCx_Qyb3447P9bBaT4o8QSjQ","LilAggy","YOUTUBE_CHANNEL","Video View DRAFT","VIDEO",246,1.39
"UCXYRdIXDdeZIf816EWAr5zQ","Macklemore","YOUTUBE_CHANNEL","Video View DRAFT","VIDEO",208,1.37
"UCWTSOOYG0cfkUqsl-UUxVCA","Film Cooper","YOUTUBE_CHANNEL","Video View DRAFT","VIDEO",190,1.36
"UCDE5Ezmxq1bNVak4lmkpCMw","Epitaph Records","YOUTUBE_CHANNEL","Video View DRAFT","VIDEO",178,1.35
"UCxEct2HUBYj_mt4t7qR9UYg","BondiRescue","YOUTUBE_CHANNEL","Video View DRAFT","VIDEO",211,1.34
"UC7_WiJnJxpm4MRNesRttzWg","Reel Rejects","YOUTUBE_CHANNEL","Video View DRAFT","VIDEO",189,1.34
"UCkZqulV4hovQ88Oi0htrjFA","Alt Vault","YOUTUBE_CHANNEL","Video View DRAFT","VIDEO",201,1.34
"UClFmbs3Ox9z0iPOW8rkxmOg","Spilling The Milk","YOUTUBE_CHANNEL","Video View DRAFT","VIDEO",210,1.33
"UC7bxFmhgSQe4aMAwIw-lzsQ","mattyballz","YOUTUBE_CHANNEL","Video View DRAFT","VIDEO",210,1.33
"UCAiXTBMJdbCLlWzJbWATYSw","Lingerie Fighting Championships","YOUTUBE_CHANNEL","Video View DRAFT","VIDEO",208,1.33
"UCg7lal8IC-xPyKfgH4rdUcA","djvlad","YOUTUBE_CHANNEL","Video View DRAFT","VIDEO",211,1.33
"UCAM2fyCjEdROyELretVTiiw","HopeScope","YOUTUBE_CHANNEL","Video View DRAFT","VIDEO",180,1.33
"UCy06jHRS_82N2i5v1YL7glQ","Cody & Ko","YOUTUBE_CHANNEL","Video View DRAFT","VIDEO",180,1.31
"UCwV_0HmQkRrTcrReaMxPeDw","loltyler1","YOUTUBE_CHANNEL","Video View DRAFT","VIDEO",171,1.31
"UCKk076mm-7JjLxJcFSXIPJA","outsidexbox","YOUTUBE_CHANNEL","Video View DRAFT","VIDEO",200,1.3
"UCoNCiBqr3p5ZRCGybtFRcPg","ItalianBach","YOUTUBE_CHANNEL","Video View DRAFT","VIDEO",177,1.3
"UCeBPTBz1oRnsWsUBnKNNKNw","Joe Bart Games","YOUTUBE_CHANNEL","Video View DRAFT","VIDEO",201,1.29
"UCYWrFKvV9FwgUxTURL6fiZw","Fashion Feed","YOUTUBE_CHANNEL","Video View DRAFT","VIDEO",165,1.28
"UCgvYAzU9Xp5N2jEITv0ZRPQ","NOSAREXFAMTV","YOUTUBE_CHANNEL","Video View DRAFT","VIDEO",194,1.28
"UCrTNhL_yO3tPTdQ5XgmmWjA","RedLetterMedia","YOUTUBE_CHANNEL","Video View DRAFT","VIDEO",197,1.28
"UCC5kum96eeAdJGfizULP4lw","Germany's Next Topmodel","YOUTUBE_CHANNEL","Video View DRAFT","VIDEO",157,1.27
"UCypAoMCRQuNL2RBwy-x4oQg","Uchenna Mbunabo Tv","YOUTUBE_CHANNEL","Video View DRAFT","VIDEO",206,1.26
"UCGRC6hm8mD8WqeY0auwrCrQ","Uche Montana TV","YOUTUBE_CHANNEL","Video View DRAFT","VIDEO",174,1.25
"UCrPseYLGpNygVi34QpGNqpA","Ludwig","YOUTUBE_CHANNEL","Video View DRAFT","VIDEO",193,1.25
"UC0aanx5rpr7D1M7KCFYzrLQ","Shoe0nHead","YOUTUBE_CHANNEL","Video View DRAFT","VIDEO",191,1.24
"UC4PQqjGczpgmqbpicKjkwvw","Druski","YOUTUBE_CHANNEL","Video View DRAFT","VIDEO",186,1.22
"UCgKkNPU2Ib7_TcyAl8M2S-w","Warner Bros. Entertainment","YOUTUBE_CHANNEL","Video View DRAFT","VIDEO",153,1.22
"UCQe7wB0o_cZgv1miyYB9TMA","Hustler Casino Live","YOUTUBE_CHANNEL","Video View DRAFT","VIDEO",187,1.21
"UCoEj4uRzynPXEEegNqMnJVw","HauteLeMode","YOUTUBE_CHANNEL","Video View DRAFT","VIDEO",160,1.21
"UCC0UCpm3OR81O5aackY9NlA","i. POLEBOTE","YOUTUBE_CHANNEL","Video View DRAFT","VIDEO",181,1.21
"UCJquYOG5EL82sKTfH9aMA9Q","Rick Beato","YOUTUBE_CHANNEL","Video View DRAFT","VIDEO",170,1.21
"UCnxQ8o9RpqxGF2oLHcCn9VQ","fantano","YOUTUBE_CHANNEL","Video View DRAFT","VIDEO",181,1.21
"UCOAHgaVjyUjFtxhgCAQ_vAg","SideQuest Drew","YOUTUBE_CHANNEL","Video View DRAFT","VIDEO",195,1.2
"UC1yBKRuGpC1tSM73A0ZjYjQ","The Young Turks","YOUTUBE_CHANNEL","Video View DRAFT","VIDEO",229,1.2
"UCIEi8iWecjIUaewTBeXCu-g","9jaFanx","YOUTUBE_CHANNEL","Video View DRAFT","VIDEO",189,1.2
"UC0M0rxSz3IF0CsSour1iWmw","Cinemassacre","YOUTUBE_CHANNEL","Video View DRAFT","VIDEO",193,1.2
"UCijVIIfFzspulKc7yWA2Qhg","Friends","YOUTUBE_CHANNEL","Video View DRAFT","VIDEO",167,1.2
"UCmGSJVG3mCRXVOP4yZrU1Dw","Johnny Harris","YOUTUBE_CHANNEL","Video View DRAFT","VIDEO",168,1.19
"UCU6cE7pdJPc6DU2jSrKEsdQ","Drake - Topic","YOUTUBE_CHANNEL","Video View DRAFT","VIDEO",192,1.19
"UCzrh2s9Vu9wUBf2Y2iIYcgA","Ink Master","YOUTUBE_CHANNEL","Video View DRAFT","VIDEO",160,1.19
"UCaxOQZrF5llUMp-JjesUz1A","Lil Durk","YOUTUBE_CHANNEL","Video View DRAFT","VIDEO",194,1.19
"UCax6yhRcu4YsquCJiRB_vwQ","Bonus SKY","YOUTUBE_CHANNEL","Video View DRAFT","VIDEO",180,1.19
"UC11RIQQg3bSkGtnpx9dom5g","ChemicalBrothersVEVO","YOUTUBE_CHANNEL","Video View DRAFT","VIDEO",161,1.16
"UClQ3NafOy_42dJ0toK3QUKw","Stay Wild","YOUTUBE_CHANNEL","Video View DRAFT","VIDEO",172,1.16
"UCLJvwQ-173AlbFt7zvPl-CQ","CinePals","YOUTUBE_CHANNEL","Video View DRAFT","VIDEO",152,1.16
"UCckKR1kDbRKXJArtGYh6drQ","Live 8","YOUTUBE_CHANNEL","Video View DRAFT","VIDEO",169,1.16
"UCrkzfc2yf-7q6pd7EtzgNaQ","Wild 'N Out","YOUTUBE_CHANNEL","Video View DRAFT","VIDEO",174,1.15
"UCPDis9pjXuqyI7RYLJ-TTSA","FailArmy","YOUTUBE_CHANNEL","Video View DRAFT","VIDEO",166,1.15
"UCa7xkLfqLdO9e-DeFILP8xA","Böhse Onkelz","YOUTUBE_CHANNEL","Video View DRAFT","VIDEO",146,1.15
"UCC0I7nJ4L6K79W1Nx5R-tDw","Walkin´ Shoes","YOUTUBE_CHANNEL","Video View DRAFT","VIDEO",154,1.14
"UC_zeeGEpmAM3QYU0bGWsZYA","Dwayne's Lens","YOUTUBE_CHANNEL","Video View DRAFT","VIDEO",157,1.14
"UCvCDo7i9AZk42KW-aOntomg","Twin Paranormal","YOUTUBE_CHANNEL","Video View DRAFT","VIDEO",231,1.14
"UC2MjZanWOfyfsrHOyitmXbQ","Stimpee","YOUTUBE_CHANNEL","Video View DRAFT","VIDEO",163,1.14
"UC2Qw1dzXDBAZPwS7zm37g8g","COLORS","YOUTUBE_CHANNEL","Video View DRAFT","VIDEO",147,1.13
"UC_hK9fOxyy_TM8FJGXIyG8Q","Dhar Mann Studios","YOUTUBE_CHANNEL","Video View DRAFT","VIDEO",172,1.13
"UC1MEMnZEDKqLPu-B-AHIsyw","Rick and Morty","YOUTUBE_CHANNEL","Video View DRAFT","VIDEO",134,1.13
"UC3I2GFN_F8WudD_2jUZbojA","KEXP","YOUTUBE_CHANNEL","Video View DRAFT","VIDEO",145,1.12
"UC5Y03h8JAslS5HEuvQNdVWw","VoteSport","YOUTUBE_CHANNEL","Video View DRAFT","VIDEO",164,1.11
"UCKqH_9mk1waLgBiL2vT5b9g","VanossGaming","YOUTUBE_CHANNEL","Video View DRAFT","VIDEO",170,1.11
"UCQTmZczX5kGRgaPIgpy6CyQ","Max Amini","YOUTUBE_CHANNEL","Video View DRAFT","VIDEO",161,1.1
"UC6mbyqHqkmYIy9z68gpEq-w","Mavie Noelle","YOUTUBE_CHANNEL","Video View DRAFT","VIDEO",146,1.1
"UCBDPtMdQPMTqYjPNKDUTPug","Pop Potion ","YOUTUBE_CHANNEL","Video View DRAFT","VIDEO",154,1.1
"UCWqvhmZyB66eKv01SiH_Kjg","The Dead South","YOUTUBE_CHANNEL","Video View DRAFT","VIDEO",175,1.09
"UCoc_XJPj6YLMQDWtPDQcDtA","Brad Mondo","YOUTUBE_CHANNEL","Video View DRAFT","VIDEO",154,1.09
"UCrR-9qug_zHoiBBGTXGP2Hw","Family Friendly","YOUTUBE_CHANNEL","Video View DRAFT","VIDEO",159,1.09
"UCmRe_hOfMppsUfoW1_b3Eiw","Sorta Stupid","YOUTUBE_CHANNEL","Video View DRAFT","VIDEO",145,1.09
"UCpHaAKu74UHvcYCi2g_PvBQ","Shout! Studios","YOUTUBE_CHANNEL","Video View DRAFT","VIDEO",159,1.09
"UCmp5y07YIV6i2jPX4x82hVQ","Hollow","YOUTUBE_CHANNEL","Video View DRAFT","VIDEO",170,1.08
"UC0aSHiQNMy8IMmS7_8WbtdA","FunkyFrogBait","YOUTUBE_CHANNEL","Video View DRAFT","VIDEO",166,1.08
"UCD4UWbxOOrFsxkMMfjYQ0VA","Foltyn Reacts","YOUTUBE_CHANNEL","Video View DRAFT","VIDEO",173,1.08
"UCpJ7ZS8hK-IOeciv952Xhug","Really American","YOUTUBE_CHANNEL","Video View DRAFT","VIDEO",180,1.08
"UCqxprLDy_2hMQ7aQp_4NNuA","BOLAJI OGUNMOLA TV","YOUTUBE_CHANNEL","Video View DRAFT","VIDEO",156,1.08
"UCr1kbyiJzl-x5YYDxhYJuPw","MoreCaseOh","YOUTUBE_CHANNEL","Video View DRAFT","VIDEO",172,1.08
"UCbvdwZvZgdl-pPyomEmaEfg","Omoni Oboli TV","YOUTUBE_CHANNEL","Video View DRAFT","VIDEO",172,1.07
"UCJh1Bs6hnQFIlKXZjxD3HNw","Judas Priest ᴳᴼᴸᴰᴱᴺ ᴱᴿᴬ","YOUTUBE_CHANNEL","Video View DRAFT","VIDEO",141,1.07
"UCX62fwFYJNo5U-Flu2V-kGQ","BeastieBoysVEVO","YOUTUBE_CHANNEL","Video View DRAFT","VIDEO",155,1.07
"UCtoaZpBnrd0lhycxYJ4MNOQ","HasanAbi","YOUTUBE_CHANNEL","Video View DRAFT","VIDEO",140,1.06
"UCgPClNr5VSYC3syrDUIlzLw","Adult Swim","YOUTUBE_CHANNEL","Video View DRAFT","VIDEO",164,1.06
"UCWb0O7gdabdhZd62xiHTp0Q","David Alvareeezy","YOUTUBE_CHANNEL","Video View DRAFT","VIDEO",121,1.06
"UCIFk2uvCNcEmZ77g0ESKLcQ","The Why Files","YOUTUBE_CHANNEL","Video View DRAFT","VIDEO",173,1.05
"UC7issVWTLKVHDDk8hjcXAuQ","Frontline Vinyls","YOUTUBE_CHANNEL","Video View DRAFT","VIDEO",146,1.05
"UCoAEj6XaIzqxQ5C5OUIGcZA","Chuck Review","YOUTUBE_CHANNEL","Video View DRAFT","VIDEO",159,1.05
"UC6qrG3W8SMK0jior2olka3g","EarthCam","YOUTUBE_CHANNEL","Video View DRAFT","VIDEO",141,1.04
"UCEQiEyMO9ci0Y-KwLOF4ysQ","Rebal D","YOUTUBE_CHANNEL","Video View DRAFT","VIDEO",139,1.04
"UCRC6_ABf95bsNEAMpLa_rIw","BaBaBop De","YOUTUBE_CHANNEL","Video View DRAFT","VIDEO",112,1.04
"UCm1s2VS9BdyXL9FU4a-W_cQ","Nipsey Hussle","YOUTUBE_CHANNEL","Video View DRAFT","VIDEO",167,1.03
"UCifDpwVLU2V8nRQE9e-X_Sg","The Classic Rock Show","YOUTUBE_CHANNEL","Video View DRAFT","VIDEO",155,1.03
"UCaXHvBP-pM99x6rF86fqN1Q","Law & Order","YOUTUBE_CHANNEL","Video View DRAFT","VIDEO",174,1.03
"UC7_YxT-KID8kRbqZo7MyscQ","Markiplier","YOUTUBE_CHANNEL","Video View DRAFT","VIDEO",170,1.02
"UCTrSsPMmZavLbc3Ex7VhjDg","Brandon Herrera","YOUTUBE_CHANNEL","Video View DRAFT","VIDEO",136,1.02
"UCdmNJsuJRK5Y-1yjt_W4JZg","DGainz","YOUTUBE_CHANNEL","Video View DRAFT","VIDEO",153,1.02
"UCqECaJ8Gagnn7YCbPEzWH6g","Taylor Swift","YOUTUBE_CHANNEL","Video View DRAFT","VIDEO",143,1.02
"UCkQO3QsgTpNTsOw6ujimT5Q","BE AMAZED","YOUTUBE_CHANNEL","Video View DRAFT","VIDEO",143,1.02
"UC3MJVwoumJMTqCe9IaEhtiw","World at War","YOUTUBE_CHANNEL","Video View DRAFT","VIDEO",147,1.01
"UCgeGN-xr-_k8qpwntGOcVyQ","Mario Adrion","YOUTUBE_CHANNEL","Video View DRAFT","VIDEO",132,1.01
"UCxnvMb3tmn30kL-7M3GhqBw","Country Boots Music","YOUTUBE_CHANNEL","Video View DRAFT","VIDEO",126,1.01
"UCx44Zf6KYNL53ikyk7insIA","Jordan Fabrics","YOUTUBE_CHANNEL","Video View DRAFT","VIDEO",112,1.01
"UC0juKWIFfobGKvtRv-l50Ng","Historical Photos🌌","YOUTUBE_CHANNEL","Video View DRAFT","VIDEO",160,1
"UCAiQdfdKGLfFAL2lYnGEvKA","Wackawackamunv2","YOUTUBE_CHANNEL","Video View DRAFT","VIDEO",169,1
"UCbDNCzgdLlvYY9dk5M8063A","BangerChannel","YOUTUBE_CHANNEL","Video View DRAFT","VIDEO",121,1
"UCefO_zFbQc6-zHOw_juG7FA","ROGOV LIVE","YOUTUBE_CHANNEL","Video View DRAFT","VIDEO",171,1
"UC6rveledU41ySmaGToC-5BQ","DISCTRO","YOUTUBE_CHANNEL","Video View DRAFT","VIDEO",163,1
"UC9ek8xUVjnmQ-q7f6CTwtxg","AstralSpiff","YOUTUBE_CHANNEL","Video View DRAFT","VIDEO",160,1
"UConsW7bxRwetBihLsschPvw","CONtv","YOUTUBE_CHANNEL","Video View DRAFT","VIDEO",145,1
"UCuhwvTYFvVZjyBVXc9T7CrA","Dan and Phil","YOUTUBE_CHANNEL","Video View DRAFT","VIDEO",118,1
"UC6LBo0GXFaUtf-mWccqfw-w","The Backlogs","YOUTUBE_CHANNEL","Video View DRAFT","VIDEO",175,1
"UCEA9zuRgGKdK2Clrrgw0WOA","305 MIAMI VISUALS","YOUTUBE_CHANNEL","Video View DRAFT","VIDEO",126,1
"UCOYKMmyHJD5W46t5DvWsJTQ","RetroTVCentral","YOUTUBE_CHANNEL","Video View DRAFT","VIDEO",162,0.99
"UC02htytGSVVUsTGTFZEgtcg","imactuallyLazy","YOUTUBE_CHANNEL","Video View DRAFT","VIDEO",149,0.99
"UCo1DYcm1IZ9v3UPkpiAcgtg","Tyler, The Creator - Topic","YOUTUBE_CHANNEL","Video View DRAFT","VIDEO",174,0.99
"UCVFqk8JxVGg2_99AmqFdS4g","Danny Motta","YOUTUBE_CHANNEL","Video View DRAFT","VIDEO",173,0.99
"UC28UTOh-i8432VHB_bmNNMg","Skinny","YOUTUBE_CHANNEL","Video View DRAFT","VIDEO",155,0.99
"UCoSwRgn1R8fPBNI-c4yjWUw","Suits Official","YOUTUBE_CHANNEL","Video View DRAFT","VIDEO",148,0.98
"UCE_--R1P5-kfBzHTca0dsnw","Complex","YOUTUBE_CHANNEL","Video View DRAFT","VIDEO",132,0.98
"UCBAr0kdANnp5VNG6w1t9CxQ","Marcus Nimbler","YOUTUBE_CHANNEL","Video View DRAFT","VIDEO",156,0.98
"UCZTu831eAXKZd-5w5onpiag","Daily Dose Of SANITY","YOUTUBE_CHANNEL","Video View DRAFT","VIDEO",137,0.98
"UCCJQpSNAoYtDAYOzMrqr7mQ","Doya Doya Moda","YOUTUBE_CHANNEL","Video View DRAFT","VIDEO",146,0.98
"UCKNbAYjhxVS5Y8p3FhhUxoA","PointlessHub","YOUTUBE_CHANNEL","Video View DRAFT","VIDEO",153,0.98
"UC6ly_u2ufiHGpYzC_28-8zw","KoRn","YOUTUBE_CHANNEL","Video View DRAFT","VIDEO",110,0.98
"UCW33L17SyCw3-W4uFBLMjgQ","Mahdi Fun","YOUTUBE_CHANNEL","Video View DRAFT","VIDEO",154,0.97
"UC70Dib4MvFfT1tU6MqeyHpQ","Preston","YOUTUBE_CHANNEL","Video View DRAFT","VIDEO",153,0.97
"UCkFJ9wGXfufCCi4PYIy5-Hw","戰爭劇場Chinese Drama","YOUTUBE_CHANNEL","Video View DRAFT","VIDEO",141,0.97
"UCn8zNIfYAQNdrFRrr8oibKw","VICE","YOUTUBE_CHANNEL","Video View DRAFT","VIDEO",124,0.96
"UChJ73nb9I4Xq1bzc0a-j-pQ","YaBoyRoshi","YOUTUBE_CHANNEL","Video View DRAFT","VIDEO",144,0.96
"UCylf65nv4wJl58ufT0ayqoA","Queen Coke Francis","YOUTUBE_CHANNEL","Video View DRAFT","VIDEO",136,0.95
"UCEa4XXtw8QNawY-y-2d8s1Q","Anatoly army","YOUTUBE_CHANNEL","Video View DRAFT","VIDEO",142,0.95
"UCV_CsAy5CNBX_uwDQ7RMe1Q","Central Cee","YOUTUBE_CHANNEL","Video View DRAFT","VIDEO",128,0.95
"UCF5RrlbsxJjAVLWgOCoNHMg","Bushy","YOUTUBE_CHANNEL","Video View DRAFT","VIDEO",161,0.95
"UCaBf1a-dpIsw8OxqH4ki2Kg","Geek & Sundry","YOUTUBE_CHANNEL","Video View DRAFT","VIDEO",146,0.95
"UCCbP5cOWp9s75x_r6xq7LcQ","Fatboy Slim","YOUTUBE_CHANNEL","Video View DRAFT","VIDEO",151,0.94
"UCIPxIMhgJ8KSVu4IleycGvA","Redshell Reacts","YOUTUBE_CHANNEL","Video View DRAFT","VIDEO",126,0.94
"UCYe1xFP0gW3xlHT6_lU6KOw","Ольга Крайзман","YOUTUBE_CHANNEL","Video View DRAFT","VIDEO",137,0.94
"UCpXfcdXulKYTBO3DNBFWMjQ","Domovinski rat - Borna Marinić","YOUTUBE_CHANNEL","Video View DRAFT","VIDEO",184,0.93
"UCcVqCJ_9owb1zM43vqswMNQ","BETNetworks","YOUTUBE_CHANNEL","Video View DRAFT","VIDEO",146,0.93
"UCq41TUYC3WRr4Qn7ok218vw","Gym Prank Mania","YOUTUBE_CHANNEL","Video View DRAFT","VIDEO",140,0.93
"UC47kJWRBD-NREBvmBg5kWeA","King Von","YOUTUBE_CHANNEL","Video View DRAFT","VIDEO",142,0.93
"UCwXgxPwky2cyU7iNXeV75LA","ClipZone: High Octane Hits","YOUTUBE_CHANNEL","Video View DRAFT","VIDEO",140,0.92
"UCK42hT7kOrAuC2fPLbIfXGw","A Vision Supreme","YOUTUBE_CHANNEL","Video View DRAFT","VIDEO",127,0.92
"UCSugZEYrWbzqIWGD195V-YA","Gucci Mane","YOUTUBE_CHANNEL","Video View DRAFT","VIDEO",142,0.92
"UCRE2zmVNW9wG2dndMoV4JKQ","Quenlin Blackwell","YOUTUBE_CHANNEL","Video View DRAFT","VIDEO",135,0.92
"UCdOcBpu5O2V0JhFFs9k-Ouw","HozierVEVO","YOUTUBE_CHANNEL","Video View DRAFT","VIDEO",110,0.92
"UCU0rIMU3k_AsVA8d6N1B03w","Warner Bros. Classics","YOUTUBE_CHANNEL","Video View DRAFT","VIDEO",132,0.92
"UCt8CdzMEoTie3iix3KmvV7A","GameSprout","YOUTUBE_CHANNEL","Video View DRAFT","VIDEO",131,0.91
"UCpEhnqL0y41EpW2TvWAHD7Q","SET India","YOUTUBE_CHANNEL","Video View DRAFT","VIDEO",132,0.91
"UC_62jYuKq0O-K66pjrK5jhQ","Knox Hill","YOUTUBE_CHANNEL","Video View DRAFT","VIDEO",129,0.91