change_event.change_date_time,change_event.user_email,change_event.change_resource_type,change_event.resource_change_operation,change_event.client_type,campaign.name,ad_group.name,change_event.change_resource_name,change_event.old_resource,change_event.new_resource,ad_group.resource_name,campaign.resource_name,change_event.changed_fields.paths,change_event.resource_name
2026-07-31 14:40:11.092037,ads@jonas-makki.com,AD_GROUP_CRITERION,CREATE,GOOGLE_ADS_API,EX I EN I WW I TOF I BROAD I PUR I T-CPA II BROAD I NO PROMO I Kollektionen + Types,STAN I BROAD I HOME,customers/3599116618/adGroupCriteria/142609568599~583142500232,"{""ad_group_criterion"":{}}","{""ad_group_criterion"":{""resource_name"":""customers/3599116618/adGroupCriteria/142609568599~583142500232"",""keyword"":{""match_type"":2,""text"":""sinner hoodie""},""criterion_id"":583142500232,""ad_group"":""customers/3599116618/adGroups/142609568599"",""negative"":false}}",customers/3599116618/adGroups/142609568599,customers/3599116618/campaigns/17820068572,ad_group | criterion_id | keyword.match_type | keyword.text | negative | resource_name,customers/3599116618/changeEvents/1785501611092037~0~0
2026-07-31 14:35:13.647732,ads@jonas-makki.com,AD_GROUP_CRITERION,CREATE,GOOGLE_ADS_API,EX I EN I WW I TOF I BROAD I PUR I T-CPA II BROAD I NO PROMO I Kollektionen + Types,STAN I BROAD I HOME,customers/3599116618/adGroupCriteria/142609568599~749619809,"{""ad_group_criterion"":{}}","{""ad_group_criterion"":{""resource_name"":""customers/3599116618/adGroupCriteria/142609568599~749619809"",""keyword"":{""match_type"":2,""text"":""mens hoodies""},""criterion_id"":749619809,""ad_group"":""customers/3599116618/adGroups/142609568599"",""negative"":false}}",customers/3599116618/adGroups/142609568599,customers/3599116618/campaigns/17820068572,ad_group | criterion_id | keyword.match_type | keyword.text | negative | resource_name,customers/3599116618/changeEvents/1785501313647732~0~0
2026-07-24 13:47:03.137327,exmachina.agency@gmail.com,CAMPAIGN_BUDGET,UPDATE,GOOGLE_ADS_WEB_CLIENT,EX I EN I WW I TOF I BROAD I PUR I T-CPA II BROAD I NO PROMO I Kollektionen + Types,,customers/3599116618/campaignBudgets/11274223183,"{""campaign_budget"":{""amount_micros"":185010000}}","{""campaign_budget"":{""amount_micros"":240000000}}",,customers/3599116618/campaigns/17820068572,amount_micros,customers/3599116618/changeEvents/1784893623137327~0~0
2026-07-24 13:46:23.658154,exmachina.agency@gmail.com,CAMPAIGN_BUDGET,UPDATE,GOOGLE_ADS_WEB_CLIENT,EX I SHOPPING I FOKUSPRODUKTE,,customers/3599116618/campaignBudgets/11622136055,"{""campaign_budget"":{""amount_micros"":850000000}}","{""campaign_budget"":{""amount_micros"":1150000000}}",,customers/3599116618/campaigns/18399515515,amount_micros,customers/3599116618/changeEvents/1784893583658154~0~0
2026-07-24 13:45:11.889522,exmachina.agency@gmail.com,CAMPAIGN,UPDATE,GOOGLE_ADS_WEB_CLIENT,EX I EN I WW I TOF I BROAD I PUR I T-CPA II BROAD I NO PROMO I Kollektionen + Types,,customers/3599116618/campaigns/17820068572,"{""campaign"":{""maximize_conversion_value"":{""target_roas"":5.1915}}}","{""campaign"":{""maximize_conversion_value"":{""target_roas"":5.191502863646795}}}",,customers/3599116618/campaigns/17820068572,maximize_conversion_value.target_roas,customers/3599116618/changeEvents/1784893511889522~0~0
2026-07-24 13:45:07.072658,exmachina.agency@gmail.com,CAMPAIGN,UPDATE,GOOGLE_ADS_WEB_CLIENT,EX I SHOPPING I FOKUSPRODUKTE,,customers/3599116618/campaigns/18399515515,"{""campaign"":{""target_roas"":{""target_roas"":3.5}}}","{""campaign"":{""target_roas"":{""target_roas"":3.5301}}}",,customers/3599116618/campaigns/18399515515,target_roas.target_roas,customers/3599116618/changeEvents/1784893507072658~0~0
2026-07-24 13:45:00.581016,exmachina.agency@gmail.com,CAMPAIGN,UPDATE,GOOGLE_ADS_WEB_CLIENT,EX I EN I WW I TOF I BROAD I PUR I T-CPA II BROAD I NO PROMO I Kollektionen + Types,,customers/3599116618/campaigns/17820068572,"{""campaign"":{""maximize_conversion_value"":{""target_roas"":3.5}}}","{""campaign"":{""maximize_conversion_value"":{""target_roas"":5.1915}}}",,customers/3599116618/campaigns/17820068572,maximize_conversion_value.target_roas,customers/3599116618/changeEvents/1784893500581016~0~0
2026-07-24 13:44:04.727951,exmachina.agency@gmail.com,AD_GROUP,UPDATE,GOOGLE_ADS_WEB_CLIENT,EX I SHOPPING I FOKUSPRODUKTE,Sommer Fokus,customers/3599116618/adGroups/187585751011,"{""ad_group"":{}}","{""ad_group"":{""target_roas"":4.5}}",customers/3599116618/adGroups/187585751011,customers/3599116618/campaigns/18399515515,target_roas,customers/3599116618/changeEvents/1784893444727951~0~0
2026-07-24 13:43:53.099167,exmachina.agency@gmail.com,AD_GROUP,UPDATE,GOOGLE_ADS_WEB_CLIENT,EX I SHOPPING I FOKUSPRODUKTE,Hoodies Push,customers/3599116618/adGroups/200743447128,"{""ad_group"":{""status"":2}}","{""ad_group"":{""status"":3}}",customers/3599116618/adGroups/200743447128,customers/3599116618/campaigns/18399515515,status,customers/3599116618/changeEvents/1784893433099167~0~0
2026-07-24 13:43:36.390838,exmachina.agency@gmail.com,CAMPAIGN_BUDGET,UPDATE,GOOGLE_ADS_WEB_CLIENT,EX I SHOPPING I FOKUSPRODUKTE,,customers/3599116618/campaignBudgets/11622136055,"{""campaign_budget"":{""amount_micros"":550000000}}","{""campaign_budget"":{""amount_micros"":850000000}}",,customers/3599116618/campaigns/18399515515,amount_micros,customers/3599116618/changeEvents/1784893416390838~0~0
2026-07-23 11:15:10.612415,exmachina.agency@gmail.com,AD_GROUP,UPDATE,GOOGLE_ADS_WEB_CLIENT,EX I WW I YOU I BROAD TESTING I INFLUENCER & ANIM.C. #2,WW I BROAD I TESTING I INFLU CONT,customers/3599116618/adGroups/181388156310,"{""ad_group"":{""tracking_url_template"":""{lpurl}?tw_source=google&tw_adid={creative}&tw_campaign={campaignid}""}}","{""ad_group"":{}}",customers/3599116618/adGroups/181388156310,customers/3599116618/campaigns/22410839902,tracking_url_template,customers/3599116618/changeEvents/1784798110612415~0~0
2026-07-23 11:15:07.976559,exmachina.agency@gmail.com,AD_GROUP,UPDATE,GOOGLE_ADS_WEB_CLIENT,EX I WW I YOU I BROAD TESTING I INFLUENCER & ANIM.C. #3,WW I BROAD I TESTING I INFLU CONT,customers/3599116618/adGroups/190607842727,"{""ad_group"":{""tracking_url_template"":""{lpurl}?tw_source=google&tw_adid={creative}&tw_campaign={campaignid}""}}","{""ad_group"":{}}",customers/3599116618/adGroups/190607842727,customers/3599116618/campaigns/23125747679,tracking_url_template,customers/3599116618/changeEvents/1784798107976559~0~0
2026-07-23 11:15:05.084575,exmachina.agency@gmail.com,AD_GROUP,UPDATE,GOOGLE_ADS_WEB_CLIENT,EX I SHOPPING I FOKUSPRODUKTE,winter push,customers/3599116618/adGroups/192532956896,"{""ad_group"":{""tracking_url_template"":""{lpurl}?trc_gcmp_id={campaignid}&trc_gag_id={adgroupid}&trc_gad_id={creative}""}}","{""ad_group"":{}}",customers/3599116618/adGroups/192532956896,customers/3599116618/campaigns/18399515515,tracking_url_template,customers/3599116618/changeEvents/1784798105084575~0~0
2026-07-23 11:15:00.455743,exmachina.agency@gmail.com,AD_GROUP,UPDATE,GOOGLE_ADS_WEB_CLIENT,EX | USA | SEARCH | BRAND,USA | STAN | BRAND,customers/3599116618/adGroups/158916156691,"{""ad_group"":{""tracking_url_template"":""{lpurl}?trc_gcmp_id={campaignid}&trc_gag_id={adgroupid}&trc_gad_id={creative}""}}","{""ad_group"":{}}",customers/3599116618/adGroups/158916156691,customers/3599116618/campaigns/20520258918,tracking_url_template,customers/3599116618/changeEvents/1784798100455743~0~0
2026-07-23 11:14:57.274559,exmachina.agency@gmail.com,AD_GROUP,UPDATE,GOOGLE_ADS_WEB_CLIENT,EX | SKANDI | SEARCH | BRAND,SWE | STAN | BRAND,customers/3599116618/adGroups/152816606829,"{""ad_group"":{""tracking_url_template"":""{lpurl}?trc_gcmp_id={campaignid}&trc_gag_id={adgroupid}&trc_gad_id={creative}""}}","{""ad_group"":{}}",customers/3599116618/adGroups/152816606829,customers/3599116618/campaigns/20520282363,tracking_url_template,customers/3599116618/changeEvents/1784798097274559~0~0
2026-07-23 11:14:50.457439,exmachina.agency@gmail.com,AD_GROUP,UPDATE,GOOGLE_ADS_WEB_CLIENT,EX I EN I WW I TOF I BROAD I PUR I T-CPA II BROAD I NO PROMO I Kollektionen + Types,STAN I KONKURRENZ I HOME,customers/3599116618/adGroups/149134189166,"{""ad_group"":{""tracking_url_template"":""{lpurl}?trc_gcmp_id={campaignid}&trc_gag_id={adgroupid}&trc_gad_id={creative}&utm_source=google&utm_medium=search&utm_campaign=EXIENIUSITOFIBROADIPURIT-CPAIISTANIKONKURRENZIHOME""}}","{""ad_group"":{}}",customers/3599116618/adGroups/149134189166,customers/3599116618/campaigns/17820068572,tracking_url_template,customers/3599116618/changeEvents/1784798090457439~0~0
2026-07-23 11:14:43.371455,exmachina.agency@gmail.com,AD_GROUP,UPDATE,GOOGLE_ADS_WEB_CLIENT,EX I SHOPPING I PUR I T-ROAS I NEAR INDEX,STAN I BROAD I LOW & TOP,customers/3599116618/adGroups/148074990193,"{""ad_group"":{""tracking_url_template"":""{lpurl}?trc_gcmp_id={campaignid}&trc_gag_id={adgroupid}&trc_gad_id={creative}""}}","{""ad_group"":{}}",customers/3599116618/adGroups/148074990193,customers/3599116618/campaigns/19764299214,tracking_url_template,customers/3599116618/changeEvents/1784798083371455~0~0
2026-07-23 11:14:40.391727,exmachina.agency@gmail.com,AD_GROUP,UPDATE,GOOGLE_ADS_WEB_CLIENT,EX I EN I WW I TOF I BROAD I PUR I T-CPA II BROAD I NO PROMO I Kollektionen + Types,STAN I BROAD I HOME,customers/3599116618/adGroups/142609568599,"{""ad_group"":{""tracking_url_template"":""{lpurl}?trc_gcmp_id={campaignid}&trc_gag_id={adgroupid}&trc_gad_id={creative}""}}","{""ad_group"":{}}",customers/3599116618/adGroups/142609568599,customers/3599116618/campaigns/17820068572,tracking_url_template,customers/3599116618/changeEvents/1784798080391727~0~0
2026-07-23 11:14:37.536127,exmachina.agency@gmail.com,AD_GROUP,UPDATE,GOOGLE_ADS_WEB_CLIENT,EX I EN I WW I TOF I BROAD I PUR I T-CPA II BROAD I NO PROMO I Kollektionen + Types EX I Keyword Options Final Test,STAN I BROAD I HOME,customers/3599116618/adGroups/153203976687,"{""ad_group"":{""tracking_url_template"":""{lpurl}?trc_gcmp_id={campaignid}&trc_gag_id={adgroupid}&trc_gad_id={creative}&utm_source=google&utm_medium=search&utm_campaign=EXIENIUSITOFIBROADIPURIT-CPAIIBROADINOPROMOIKOLLEKTIONENTYPES""}}","{""ad_group"":{}}",customers/3599116618/adGroups/153203976687,customers/3599116618/campaigns/20186748653,tracking_url_template,customers/3599116618/changeEvents/1784798077536127~0~0
2026-07-23 11:14:32.959583,exmachina.agency@gmail.com,AD_GROUP,UPDATE,GOOGLE_ADS_WEB_CLIENT,BFCM '25 - DG SPECIAL DROPS _ CP+PDP_MIXED,RoB Special Drops 342 - Ocker - CP,customers/3599116618/adGroups/189694296709,"{""ad_group"":{""tracking_url_template"":""{lpurl}?trc_gcmp_id={campaignid}&trc_gag_id={adgroupid}&trc_gad_id={creative}""}}","{""ad_group"":{}}",customers/3599116618/adGroups/189694296709,customers/3599116618/campaigns/23293840553,tracking_url_template,customers/3599116618/changeEvents/1784798072959583~0~0
2026-07-23 11:14:23.328015,exmachina.agency@gmail.com,AD_GROUP,UPDATE,GOOGLE_ADS_WEB_CLIENT,BFCM '25 - DG SPECIAL DROPS _ CP+PDP_MIXED #2,RoB Special Drops 342 - Ocker - CP,customers/3599116618/adGroups/195793798204,"{""ad_group"":{""tracking_url_template"":""{lpurl}?trc_gcmp_id={campaignid}&trc_gag_id={adgroupid}&trc_gad_id={creative}""}}","{""ad_group"":{}}",customers/3599116618/adGroups/195793798204,customers/3599116618/campaigns/23644271217,tracking_url_template,customers/3599116618/changeEvents/1784798063328015~0~0
2026-07-23 11:14:20.330911,exmachina.agency@gmail.com,AD_GROUP,UPDATE,GOOGLE_ADS_WEB_CLIENT,BFCM '25 - DG SPECIAL DROPS _ CP+PDP_ TOF,RoB Special Drops - #4 Grey Dye - CP,customers/3599116618/adGroups/189537537539,"{""ad_group"":{""tracking_url_template"":""{lpurl}?tw_source=google&tw_adid={creative}&tw_campaign={campaignid}""}}","{""ad_group"":{}}",customers/3599116618/adGroups/189537537539,customers/3599116618/campaigns/23288843748,tracking_url_template,customers/3599116618/changeEvents/1784798060330911~0~0
2026-07-23 11:14:16.774127,exmachina.agency@gmail.com,AD_GROUP,UPDATE,GOOGLE_ADS_WEB_CLIENT,BFCM '25 - DG SPECIAL DROPS _ CP+PDP_ TOF,RoB Special Drops - #3 Mentol - PDP,customers/3599116618/adGroups/189330399117,"{""ad_group"":{""tracking_url_template"":""{lpurl}?tw_source=google&tw_adid={creative}&tw_campaign={campaignid}""}}","{""ad_group"":{}}",customers/3599116618/adGroups/189330399117,customers/3599116618/campaigns/23288843748,tracking_url_template,customers/3599116618/changeEvents/1784798056774127~0~0
2026-07-23 11:14:14.218719,exmachina.agency@gmail.com,AD_GROUP,UPDATE,GOOGLE_ADS_WEB_CLIENT,BFCM '25 - DG SPECIAL DROPS _ CP+PDP_ TOF,RoB Special Drops - #2 Beige - PDP #2,customers/3599116618/adGroups/189917829995,"{""ad_group"":{""tracking_url_template"":""{lpurl}?tw_source=google&tw_adid={creative}&tw_campaign={campaignid}""}}","{""ad_group"":{}}",customers/3599116618/adGroups/189917829995,customers/3599116618/campaigns/23288843748,tracking_url_template,customers/3599116618/changeEvents/1784798054218719~0~0
2026-07-23 11:14:11.235759,exmachina.agency@gmail.com,AD_GROUP,UPDATE,GOOGLE_ADS_WEB_CLIENT,BFCM '25 - DG SPECIAL DROPS _ CP+PDP_ TOF,RoB Special Drops - #2 Beige - CP,customers/3599116618/adGroups/188006339894,"{""ad_group"":{""tracking_url_template"":""{lpurl}?tw_source=google&tw_adid={creative}&tw_campaign={campaignid}""}}","{""ad_group"":{}}",customers/3599116618/adGroups/188006339894,customers/3599116618/campaigns/23288843748,tracking_url_template,customers/3599116618/changeEvents/1784798051235759~0~0
2026-07-23 11:14:08.436575,exmachina.agency@gmail.com,AD_GROUP,UPDATE,GOOGLE_ADS_WEB_CLIENT,BFCM '25 - DG SPECIAL DROPS _ CP+PDP_ TOF,RoB Special Drops - #1 Purple - PDP,customers/3599116618/adGroups/194798124411,"{""ad_group"":{""tracking_url_template"":""{lpurl}?tw_source=google&tw_adid={creative}&tw_campaign={campaignid}""}}","{""ad_group"":{}}",customers/3599116618/adGroups/194798124411,customers/3599116618/campaigns/23288843748,tracking_url_template,customers/3599116618/changeEvents/1784798048436575~0~0
2026-07-23 11:14:03.515023,exmachina.agency@gmail.com,AD_GROUP,UPDATE,GOOGLE_ADS_WEB_CLIENT,BFCM '25 - DG SPECIAL DROPS _ CP+PDP_ TOF,RoB Special Drops - #1 Purple - CP,customers/3599116618/adGroups/194798124451,"{""ad_group"":{""tracking_url_template"":""{lpurl}?tw_source=google&tw_adid={creative}&tw_campaign={campaignid}""}}","{""ad_group"":{}}",customers/3599116618/adGroups/194798124451,customers/3599116618/campaigns/23288843748,tracking_url_template,customers/3599116618/changeEvents/1784798043515023~0~0
2026-07-23 11:13:59.272991,exmachina.agency@gmail.com,AD_GROUP,UPDATE,GOOGLE_ADS_WEB_CLIENT,BFCM '25 - DISPLAY MOF,RoB Purple,customers/3599116618/adGroups/187815806774,"{""ad_group"":{""tracking_url_template"":""{lpurl}?trc_gcmp_id={campaignid}&trc_gag_id={adgroupid}&trc_gad_id={creative}""}}","{""ad_group"":{}}",customers/3599116618/adGroups/187815806774,customers/3599116618/campaigns/23298347257,tracking_url_template,customers/3599116618/changeEvents/1784798039272991~0~0
2026-07-23 11:13:56.212031,exmachina.agency@gmail.com,AD_GROUP,UPDATE,GOOGLE_ADS_WEB_CLIENT,EX | EN | WW | DEMAND GEN | TEST,New Targeting Testing,customers/3599116618/adGroups/160644958513,"{""ad_group"":{""tracking_url_template"":""{lpurl}?trc_gcmp_id={campaignid}&trc_gag_id={adgroupid}&trc_gad_id={creative}""}}","{""ad_group"":{}}",customers/3599116618/adGroups/160644958513,customers/3599116618/campaigns/20547349641,tracking_url_template,customers/3599116618/changeEvents/1784798036212031~0~0
2026-07-23 11:13:51.865727,exmachina.agency@gmail.com,AD_GROUP,UPDATE,GOOGLE_ADS_WEB_CLIENT,EX I WW I YOU I BROAD TESTING I INFLUENCER & ANIM.C. #3,JM I YT Shirt Offers I OFFER INTRA DAY SCALING,customers/3599116618/adGroups/190607843007,"{""ad_group"":{""tracking_url_template"":""{lpurl}?trc_gcmp_id={campaignid}&trc_gag_id={adgroupid}&trc_gad_id={creative}""}}","{""ad_group"":{}}",customers/3599116618/adGroups/190607843007,customers/3599116618/campaigns/23125747679,tracking_url_template,customers/3599116618/changeEvents/1784798031865727~0~0
2026-07-23 11:13:47.393775,exmachina.agency@gmail.com,AD_GROUP,UPDATE,GOOGLE_ADS_WEB_CLIENT,EX I WW I YOU I BROAD TESTING I INFLUENCER & ANIM.C. #2,JM I YT 342 OFFER INTRA DAY SCALING #2,customers/3599116618/adGroups/186063242785,"{""ad_group"":{""tracking_url_template"":""{lpurl}?tw_source=google&tw_adid={creative}&tw_campaign={campaignid}""}}","{""ad_group"":{}}",customers/3599116618/adGroups/186063242785,customers/3599116618/campaigns/22410839902,tracking_url_template,customers/3599116618/changeEvents/1784798027393775~0~0
2026-07-23 11:13:43.661519,exmachina.agency@gmail.com,AD_GROUP,UPDATE,GOOGLE_ADS_WEB_CLIENT,EX I WW I YOU I BROAD TESTING I INFLUENCER & ANIM.C. #2,JM I YT 342 OFFER INTRA DAY SCALING,customers/3599116618/adGroups/181388156150,"{""ad_group"":{""tracking_url_template"":""{lpurl}?tw_source=google&tw_adid={creative}&tw_campaign={campaignid}""}}","{""ad_group"":{}}",customers/3599116618/adGroups/181388156150,customers/3599116618/campaigns/22410839902,tracking_url_template,customers/3599116618/changeEvents/1784798023661519~0~0
2026-07-23 11:13:39.301615,exmachina.agency@gmail.com,AD_GROUP,UPDATE,GOOGLE_ADS_WEB_CLIENT,EX I WW I YOU I BROAD TESTING I INFLUENCER & ANIM.C. #3,JM I YT 342 OFFER INTRA DAY SCALING,customers/3599116618/adGroups/190607842687,"{""ad_group"":{""tracking_url_template"":""{lpurl}?tw_source=google&tw_adid={creative}&tw_campaign={campaignid}""}}","{""ad_group"":{}}",customers/3599116618/adGroups/190607842687,customers/3599116618/campaigns/23125747679,tracking_url_template,customers/3599116618/changeEvents/1784798019301615~0~0
2026-07-23 11:13:34.775199,exmachina.agency@gmail.com,AD_GROUP,UPDATE,GOOGLE_ADS_WEB_CLIENT,EX I WW I YOU I BROAD TESTING I INFLUENCER & ANIM.C. #3,JM I YT 10 years OFFER INTRA DAY SCALING,customers/3599116618/adGroups/190607842927,"{""ad_group"":{""tracking_url_template"":""{lpurl}?tw_source=google&tw_adid={creative}&tw_campaign={campaignid}""}}","{""ad_group"":{}}",customers/3599116618/adGroups/190607842927,customers/3599116618/campaigns/23125747679,tracking_url_template,customers/3599116618/changeEvents/1784798014775199~0~0
2026-07-23 11:13:31.046703,exmachina.agency@gmail.com,AD_GROUP,UPDATE,GOOGLE_ADS_WEB_CLIENT,JM I DG I INTRA-DAY OFFER,"Grimfall For 12,90€ #3",customers/3599116618/adGroups/190668492842,"{""ad_group"":{""tracking_url_template"":""{lpurl}?tw_source=google&tw_adid={creative}&tw_campaign={campaignid}""}}","{""ad_group"":{}}",customers/3599116618/adGroups/190668492842,customers/3599116618/campaigns/23114698978,tracking_url_template,customers/3599116618/changeEvents/1784798011046703~0~0
2026-07-23 11:13:23.858287,exmachina.agency@gmail.com,AD_GROUP,UPDATE,GOOGLE_ADS_WEB_CLIENT,JM I DG I INTRA-DAY OFFER,"Grimfall For 12,90€ #2",customers/3599116618/adGroups/195909089024,"{""ad_group"":{""tracking_url_template"":""{lpurl}?tw_source=google&tw_adid={creative}&tw_campaign={campaignid}""}}","{""ad_group"":{}}",customers/3599116618/adGroups/195909089024,customers/3599116618/campaigns/23114698978,tracking_url_template,customers/3599116618/changeEvents/1784798003858287~0~0
2026-07-23 11:13:19.292543,exmachina.agency@gmail.com,AD_GROUP,UPDATE,GOOGLE_ADS_WEB_CLIENT,JM I DG I INTRA I SHIRT DEALS,"Grimfall For 12,90€",customers/3599116618/adGroups/181958319730,"{""ad_group"":{""tracking_url_template"":""{lpurl}?trc_gcmp_id={campaignid}&trc_gag_id={adgroupid}&trc_gad_id={creative}""}}","{""ad_group"":{}}",customers/3599116618/adGroups/181958319730,customers/3599116618/campaigns/23114877277,tracking_url_template,customers/3599116618/changeEvents/1784797999292543~0~0
2026-07-23 11:13:15.680287,exmachina.agency@gmail.com,AD_GROUP,UPDATE,GOOGLE_ADS_WEB_CLIENT,JM I DG I INTRA-DAY OFFER,"Grimfall For 12,90€",customers/3599116618/adGroups/189805080187,"{""ad_group"":{""tracking_url_template"":""{lpurl}?tw_source=google&tw_adid={creative}&tw_campaign={campaignid}""}}","{""ad_group"":{}}",customers/3599116618/adGroups/189805080187,customers/3599116618/campaigns/23114698978,tracking_url_template,customers/3599116618/changeEvents/1784797995680287~0~0
2026-07-23 11:13:12.471087,exmachina.agency@gmail.com,AD_GROUP,UPDATE,GOOGLE_ADS_WEB_CLIENT,Blunt New Audience/ Grafitti,Graffiti,customers/3599116618/adGroups/71674777109,"{""ad_group"":{""tracking_url_template"":""{lpurl}?trc_gcmp_id={campaignid}&trc_gag_id={adgroupid}&trc_gad_id={creative}""}}","{""ad_group"":{}}",customers/3599116618/adGroups/71674777109,customers/3599116618/campaigns/2040859611,tracking_url_template,customers/3599116618/changeEvents/1784797992471087~0~0
2026-07-23 11:13:09.236351,exmachina.agency@gmail.com,AD_GROUP,UPDATE,GOOGLE_ADS_WEB_CLIENT,EX | FRA | SEARCH | BRAND,FRA | STAN | BRAND,customers/3599116618/adGroups/151062191217,"{""ad_group"":{""tracking_url_template"":""{lpurl}?trc_gcmp_id={campaignid}&trc_gag_id={adgroupid}&trc_gad_id={creative}""}}","{""ad_group"":{}}",customers/3599116618/adGroups/151062191217,customers/3599116618/campaigns/20530080445,tracking_url_template,customers/3599116618/changeEvents/1784797989236351~0~0
2026-07-23 11:13:05.881887,exmachina.agency@gmail.com,AD_GROUP,UPDATE,GOOGLE_ADS_WEB_CLIENT,Full Force 2019,Festival + Tattoo,customers/3599116618/adGroups/77116015192,"{""ad_group"":{""tracking_url_template"":""{lpurl}?trc_gcmp_id={campaignid}&trc_gag_id={adgroupid}&trc_gad_id={creative}""}}","{""ad_group"":{}}",customers/3599116618/adGroups/77116015192,customers/3599116618/campaigns/2083565262,tracking_url_template,customers/3599116618/changeEvents/1784797985881887~0~0
2026-07-23 11:13:01.868271,exmachina.agency@gmail.com,AD_GROUP,UPDATE,GOOGLE_ADS_WEB_CLIENT,EX I WW I YOU I BROAD TESTING I INFLUENCER & ANIM.C. #2,EX I WW I YOU I BROAD I SCALING I ACID RAIN,customers/3599116618/adGroups/181388156350,"{""ad_group"":{""tracking_url_template"":""{lpurl}?tw_source=google&tw_adid={creative}&tw_campaign={campaignid}""}}","{""ad_group"":{}}",customers/3599116618/adGroups/181388156350,customers/3599116618/campaigns/22410839902,tracking_url_template,customers/3599116618/changeEvents/1784797981868271~0~0
2026-07-23 11:12:59.200959,exmachina.agency@gmail.com,AD_GROUP,UPDATE,GOOGLE_ADS_WEB_CLIENT,EX I WW I YOU I BROAD TESTING I INFLUENCER & ANIM.C. #3,EX I WW I YOU I BROAD I SCALING I ACID RAIN,customers/3599116618/adGroups/190607842767,"{""ad_group"":{""tracking_url_template"":""{lpurl}?tw_source=google&tw_adid={creative}&tw_campaign={campaignid}""}}","{""ad_group"":{}}",customers/3599116618/adGroups/190607842767,customers/3599116618/campaigns/23125747679,tracking_url_template,customers/3599116618/changeEvents/1784797979200959~0~0
2026-07-23 11:12:17.998815,exmachina.agency@gmail.com,AD_GROUP,UPDATE,GOOGLE_ADS_WEB_CLIENT,EX | ESP | SEARCH | BRAND,ESP | STAN | BRAND,customers/3599116618/adGroups/157111914190,"{""ad_group"":{""tracking_url_template"":""{lpurl}?trc_gcmp_id={campaignid}&trc_gag_id={adgroupid}&trc_gad_id={creative}""}}","{""ad_group"":{}}",customers/3599116618/adGroups/157111914190,customers/3599116618/campaigns/20526053006,tracking_url_template,customers/3599116618/changeEvents/1784797937998815~0~0
2026-07-23 11:12:12.090527,exmachina.agency@gmail.com,AD_GROUP,UPDATE,GOOGLE_ADS_WEB_CLIENT,EX I EN I WW I TOF I BROAD I PUR I T-CPA II BROAD I NO PROMO I Kollektionen + Types,DYN I BROAD I HOME,customers/3599116618/adGroups/140379825098,"{""ad_group"":{""tracking_url_template"":""{lpurl}?trc_gcmp_id={campaignid}&trc_gag_id={adgroupid}&trc_gad_id={creative}&utm_source=google&utm_medium=search&utm_campaign=EXIENIUSITOFIBROADIPURIT-CPAIIDYNIBROADIHOME""}}","{""ad_group"":{}}",customers/3599116618/adGroups/140379825098,customers/3599116618/campaigns/17820068572,tracking_url_template,customers/3599116618/changeEvents/1784797932090527~0~0
2026-07-23 11:12:05.368911,exmachina.agency@gmail.com,AD_GROUP,UPDATE,GOOGLE_ADS_WEB_CLIENT,EX I DE I DACH I TOF I BROAD I PUR I T-CPA II BROAD I NO PROMO I Kollektionen + Types Exact Match vs Broad - DE I DACH I SEARCH,DYN I BROAD I HOME,customers/3599116618/adGroups/142337961539,"{""ad_group"":{""tracking_url_template"":""{lpurl}?trc_gcmp_id={campaignid}&trc_gag_id={adgroupid}&trc_gad_id={creative}""}}","{""ad_group"":{}}",customers/3599116618/adGroups/142337961539,customers/3599116618/campaigns/18521121829,tracking_url_template,customers/3599116618/changeEvents/1784797925368911~0~0
2026-07-23 11:12:00.729999,exmachina.agency@gmail.com,AD_GROUP,UPDATE,GOOGLE_ADS_WEB_CLIENT,EX I EN I UK I TOF I BROAD I PUR I T-CPA II BROAD I NO PROMO I Kollektionen + Types,DYN I BROAD I HOME,customers/3599116618/adGroups/142810906041,"{""ad_group"":{""tracking_url_template"":""{lpurl}?trc_gcmp_id={campaignid}&trc_gag_id={adgroupid}&trc_gad_id={creative}""}}","{""ad_group"":{}}",customers/3599116618/adGroups/142810906041,customers/3599116618/campaigns/17801615160,tracking_url_template,customers/3599116618/changeEvents/1784797920729999~0~0
2026-07-23 11:11:57.359871,exmachina.agency@gmail.com,AD_GROUP,UPDATE,GOOGLE_ADS_WEB_CLIENT,EX I DE I DACH I TOF I BROAD I PUR I T-CPA II BROAD I NO PROMO I Kollektionen + Types EX I KEYWORD TESTING II  Empfehlungen (Test),DYN I BROAD I HOME,customers/3599116618/adGroups/142851960613,"{""ad_group"":{""tracking_url_template"":""{lpurl}?trc_gcmp_id={campaignid}&trc_gag_id={adgroupid}&trc_gad_id={creative}&utm_source=google&utm_medium=search&utm_campaign=EXIENIUSITOFIBROADIPURIT-CPAIIBROADINOPROMOIKOLLEKTIONENTYPES""}}","{""ad_group"":{}}",customers/3599116618/adGroups/142851960613,customers/3599116618/campaigns/18791231470,tracking_url_template,customers/3599116618/changeEvents/1784797917359871~0~0
2026-07-23 11:11:54.116687,exmachina.agency@gmail.com,AD_GROUP,UPDATE,GOOGLE_ADS_WEB_CLIENT,EX I DE I DACH I TOF I BROAD I PUR I T-CPA II BROAD I NO PROMO I Kollektionen + Types,DYN I BROAD I HOME,customers/3599116618/adGroups/143972433288,"{""ad_group"":{""tracking_url_template"":""{lpurl}?trc_gcmp_id={campaignid}&trc_gag_id={adgroupid}&trc_gad_id={creative}&utm_source=google&utm_medium=search&utm_campaign=EXIENIUSITOFIBROADIPURIT-CPAIIBROADINOPROMOIKOLLEKTIONENTYPES""}}","{""ad_group"":{}}",customers/3599116618/adGroups/143972433288,customers/3599116618/campaigns/17630302011,tracking_url_template,customers/3599116618/changeEvents/1784797914116687~0~0
2026-07-23 11:11:50.504655,exmachina.agency@gmail.com,AD_GROUP,UPDATE,GOOGLE_ADS_WEB_CLIENT,EX I EN I WW I TOF I BROAD I PUR I T-CPA II BROAD I NO PROMO I Kollektionen + Types EX I Keyword Options Final Test,DYN I BROAD I HOME,customers/3599116618/adGroups/153203976647,"{""ad_group"":{""tracking_url_template"":""{lpurl}?trc_gcmp_id={campaignid}&trc_gag_id={adgroupid}&trc_gad_id={creative}&utm_source=google&utm_medium=search&utm_campaign=EXIENIUSITOFIBROADIPURIT-CPAIIBROADINOPROMOIKOLLEKTIONENTYPES""}}","{""ad_group"":{}}",customers/3599116618/adGroups/153203976647,customers/3599116618/campaigns/20186748653,tracking_url_template,customers/3599116618/changeEvents/1784797910504655~0~0
2026-07-23 11:11:45.689775,exmachina.agency@gmail.com,AD_GROUP,UPDATE,GOOGLE_ADS_WEB_CLIENT,EX | DE | SEARCH | BRAND,DE | STAND | BRAND,customers/3599116618/adGroups/154641754033,"{""ad_group"":{""tracking_url_template"":""{lpurl}?tw_source=google&tw_adid={creative}&tw_campaign={campaignid}""}}","{""ad_group"":{}}",customers/3599116618/adGroups/154641754033,customers/3599116618/campaigns/20520677694,tracking_url_template,customers/3599116618/changeEvents/1784797905689775~0~0
2026-07-23 11:11:41.842559,exmachina.agency@gmail.com,AD_GROUP,UPDATE,GOOGLE_ADS_WEB_CLIENT,EX | DE | SEARCH | BRAND,DE | STAN | BRAND (EN),customers/3599116618/adGroups/154062129540,"{""ad_group"":{""tracking_url_template"":""{lpurl}?trc_gcmp_id={campaignid}&trc_gag_id={adgroupid}&trc_gad_id={creative}""}}","{""ad_group"":{}}",customers/3599116618/adGroups/154062129540,customers/3599116618/campaigns/20520677694,tracking_url_template,customers/3599116618/changeEvents/1784797901842559~0~0
2026-07-23 11:11:37.733311,exmachina.agency@gmail.com,AD_GROUP,UPDATE,GOOGLE_ADS_WEB_CLIENT,JM I DSA I FC'S I CAT'S,BROAD I STAN I Sweaters,customers/3599116618/adGroups/136874058205,"{""ad_group"":{""tracking_url_template"":""{lpurl}?tw_source=google&tw_adid={creative}&tw_campaign={campaignid}""}}","{""ad_group"":{}}",customers/3599116618/adGroups/136874058205,customers/3599116618/campaigns/17655205884,tracking_url_template,customers/3599116618/changeEvents/1784797897733311~0~0
2026-07-23 11:11:34.039823,exmachina.agency@gmail.com,AD_GROUP,UPDATE,GOOGLE_ADS_WEB_CLIENT,JM I DSA I FC'S I CAT'S,BROAD I STAN I Shirts,customers/3599116618/adGroups/141337937031,"{""ad_group"":{""tracking_url_template"":""{lpurl}?tw_source=google&tw_adid={creative}&tw_campaign={campaignid}""}}","{""ad_group"":{}}",customers/3599116618/adGroups/141337937031,customers/3599116618/campaigns/17655205884,tracking_url_template,customers/3599116618/changeEvents/1784797894039823~0~0
2026-07-23 11:11:30.181839,exmachina.agency@gmail.com,AD_GROUP,UPDATE,GOOGLE_ADS_WEB_CLIENT,JM I DSA I FC'S I CAT'S,BROAD I STAN I Longsleeve,customers/3599116618/adGroups/139385616398,"{""ad_group"":{""tracking_url_template"":""{lpurl}?tw_source=google&tw_adid={creative}&tw_campaign={campaignid}""}}","{""ad_group"":{}}",customers/3599116618/adGroups/139385616398,customers/3599116618/campaigns/17655205884,tracking_url_template,customers/3599116618/changeEvents/1784797890181839~0~0
2026-07-23 11:11:26.682175,exmachina.agency@gmail.com,AD_GROUP,UPDATE,GOOGLE_ADS_WEB_CLIENT,EX I DE I DACH I TOF I BROAD I PUR I T-CPA II BROAD I NO PROMO I Kollektionen + Types,BROAD I STAN I HOME,customers/3599116618/adGroups/138848118656,"{""ad_group"":{""tracking_url_template"":""{lpurl}?trc_gcmp_id={campaignid}&trc_gag_id={adgroupid}&trc_gad_id={creative}&utm_source=google&utm_medium=search&utm_campaign=EXIENIUSITOFIBROADIPURIT-CPAIIBROADINOPROMOIKOLLEKTIONENTYPES""}}","{""ad_group"":{}}",customers/3599116618/adGroups/138848118656,customers/3599116618/campaigns/17630302011,tracking_url_template,customers/3599116618/changeEvents/1784797886682175~0~0
2026-07-23 11:11:23.076207,exmachina.agency@gmail.com,AD_GROUP,UPDATE,GOOGLE_ADS_WEB_CLIENT,EX I DE I DACH I TOF I BROAD I PUR I T-CPA II BROAD I NO PROMO I Kollektionen + Types Exact Match vs Broad - DE I DACH I SEARCH,BROAD I STAN I HOME,customers/3599116618/adGroups/142337961499,"{""ad_group"":{""tracking_url_template"":""{lpurl}?trc_gcmp_id={campaignid}&trc_gag_id={adgroupid}&trc_gad_id={creative}""}}","{""ad_group"":{}}",customers/3599116618/adGroups/142337961499,customers/3599116618/campaigns/18521121829,tracking_url_template,customers/3599116618/changeEvents/1784797883076207~0~0
2026-07-23 11:11:19.204991,exmachina.agency@gmail.com,AD_GROUP,UPDATE,GOOGLE_ADS_WEB_CLIENT,EX I DE I DACH I TOF I BROAD I PUR I T-CPA II BROAD I NO PROMO I Kollektionen + Types EX I KEYWORD TESTING II  Empfehlungen (Test),BROAD I STAN I HOME,customers/3599116618/adGroups/142851960453,"{""ad_group"":{""tracking_url_template"":""{lpurl}?trc_gcmp_id={campaignid}&trc_gag_id={adgroupid}&trc_gad_id={creative}&utm_source=google&utm_medium=search&utm_campaign=EXIENIUSITOFIBROADIPURIT-CPAIIBROADINOPROMOIKOLLEKTIONENTYPESTESTING""}}","{""ad_group"":{}}",customers/3599116618/adGroups/142851960453,customers/3599116618/campaigns/18791231470,tracking_url_template,customers/3599116618/changeEvents/1784797879204991~0~0
2026-07-23 11:11:15.487039,exmachina.agency@gmail.com,AD_GROUP,UPDATE,GOOGLE_ADS_WEB_CLIENT,JM I DSA I FC'S I CAT'S,BROAD I STAN I Headwear,customers/3599116618/adGroups/135355520781,"{""ad_group"":{""tracking_url_template"":""{lpurl}?tw_source=google&tw_adid={creative}&tw_campaign={campaignid}""}}","{""ad_group"":{}}",customers/3599116618/adGroups/135355520781,customers/3599116618/campaigns/17655205884,tracking_url_template,customers/3599116618/changeEvents/1784797875487039~0~0
2026-07-23 11:11:11.520511,exmachina.agency@gmail.com,AD_GROUP,UPDATE,GOOGLE_ADS_WEB_CLIENT,JM I DSA I FC'S I CAT'S,BROAD I DYN I Kategorie,customers/3599116618/adGroups/146950196628,"{""ad_group"":{""tracking_url_template"":""{lpurl}?trc_gcmp_id={campaignid}&trc_gag_id={adgroupid}&trc_gad_id={creative}""}}","{""ad_group"":{}}",customers/3599116618/adGroups/146950196628,customers/3599116618/campaigns/17655205884,tracking_url_template,customers/3599116618/changeEvents/1784797871520511~0~0
2026-07-23 11:11:05.846975,exmachina.agency@gmail.com,AD_GROUP,UPDATE,GOOGLE_ADS_WEB_CLIENT,EX I WW I YOU I BROAD TESTING I INFLUENCER & ANIM.C. #2,Black Week,customers/3599116618/adGroups/181388156390,"{""ad_group"":{""tracking_url_template"":""{lpurl}?tw_source=google&tw_adid={creative}&tw_campaign={campaignid}""}}","{""ad_group"":{}}",customers/3599116618/adGroups/181388156390,customers/3599116618/campaigns/22410839902,tracking_url_template,customers/3599116618/changeEvents/1784797865846975~0~0
2026-07-23 11:11:02.817119,exmachina.agency@gmail.com,AD_GROUP,UPDATE,GOOGLE_ADS_WEB_CLIENT,EX I WW I YOU I BROAD TESTING I INFLUENCER & ANIM.C. #3,Black Week,customers/3599116618/adGroups/190607842967,"{""ad_group"":{""tracking_url_template"":""{lpurl}?tw_source=google&tw_adid={creative}&tw_campaign={campaignid}""}}","{""ad_group"":{}}",customers/3599116618/adGroups/190607842967,customers/3599116618/campaigns/23125747679,tracking_url_template,customers/3599116618/changeEvents/1784797862817119~0~0
2026-07-23 11:10:58.287311,exmachina.agency@gmail.com,AD_GROUP,UPDATE,GOOGLE_ADS_WEB_CLIENT,EX | EN | WW | DEMAND GEN | TEST,BFCM 24,customers/3599116618/adGroups/172570408953,"{""ad_group"":{""tracking_url_template"":""{lpurl}?tw_source=google&tw_adid={creative}&tw_campaign={campaignid}""}}","{""ad_group"":{}}",customers/3599116618/adGroups/172570408953,customers/3599116618/campaigns/20547349641,tracking_url_template,customers/3599116618/changeEvents/1784797858287311~0~0
2026-07-23 11:10:55.367391,exmachina.agency@gmail.com,AD_GROUP,UPDATE,GOOGLE_ADS_WEB_CLIENT,EX | EN | WW | DEMAND GEN | TEST,Audience based on past performance,customers/3599116618/adGroups/159185448128,"{""ad_group"":{""tracking_url_template"":""{lpurl}?tw_source=google&tw_adid={creative}&tw_campaign={campaignid}""}}","{""ad_group"":{}}",customers/3599116618/adGroups/159185448128,customers/3599116618/campaigns/20547349641,tracking_url_template,customers/3599116618/changeEvents/1784797855367391~0~0
2026-07-23 11:10:51.605391,exmachina.agency@gmail.com,AD_GROUP,UPDATE,GOOGLE_ADS_WEB_CLIENT,JM I DG I INTRA-DAY OFFER,4F3 Shirt Offer,customers/3599116618/adGroups/181957561130,"{""ad_group"":{""tracking_url_template"":""{lpurl}?tw_source=google&tw_adid={creative}&tw_campaign={campaignid}""}}","{""ad_group"":{}}",customers/3599116618/adGroups/181957561130,customers/3599116618/campaigns/23114698978,tracking_url_template,customers/3599116618/changeEvents/1784797851605391~0~0
2026-07-17 12:46:36.970486,exmachina.agency@gmail.com,CAMPAIGN_BUDGET,UPDATE,GOOGLE_ADS_WEB_CLIENT,EX I EN I WW I TOF I BROAD I PUR I T-CPA II BROAD I NO PROMO I Kollektionen + Types,,customers/3599116618/campaignBudgets/11274223183,"{""campaign_budget"":{""amount_micros"":120000000}}","{""campaign_budget"":{""amount_micros"":185010000}}",,customers/3599116618/campaigns/17820068572,amount_micros,customers/3599116618/changeEvents/1784285196970486~0~0
2026-07-17 12:46:24.917963,exmachina.agency@gmail.com,CAMPAIGN_BUDGET,UPDATE,GOOGLE_ADS_WEB_CLIENT,EX I WW I PMAX I SCALING I FEED ONLY I PROSPECTING,,customers/3599116618/campaignBudgets/13464883348,"{""campaign_budget"":{""amount_micros"":880000000}}","{""campaign_budget"":{""amount_micros"":1250000000}}",,customers/3599116618/campaigns/21137012770,amount_micros,customers/3599116618/changeEvents/1784285184917963~0~0