last_change_date_time,resource_type,resource_status,resource,campaign,ad_group
2026-08-06 16:34:36.249183,CAMPAIGN,CHANGED,customers/3599116618/campaigns/20289440565,customers/3599116618/campaigns/20289440565,
2026-08-06 16:05:46.342543,CAMPAIGN,CHANGED,customers/3599116618/campaigns/20369175508,customers/3599116618/campaigns/20369175508,
2026-08-06 16:03:13.286735,CAMPAIGN,CHANGED,customers/3599116618/campaigns/21127105111,customers/3599116618/campaigns/21127105111,
2026-08-06 15:53:54.215583,CAMPAIGN,CHANGED,customers/3599116618/campaigns/21137012770,customers/3599116618/campaigns/21137012770,
2026-08-06 15:50:29.474015,CAMPAIGN,CHANGED,customers/3599116618/campaigns/20311845501,customers/3599116618/campaigns/20311845501,
2026-08-06 15:41:11.803775,AD_GROUP_CRITERION,CHANGED,customers/3599116618/adGroupCriteria/152816606829~298883683859,customers/3599116618/campaigns/20520282363,customers/3599116618/adGroups/152816606829
2026-08-06 15:39:20.764799,CAMPAIGN,CHANGED,customers/3599116618/campaigns/20521524704,customers/3599116618/campaigns/20521524704,
2026-08-06 15:38:40.783151,CAMPAIGN,CHANGED,customers/3599116618/campaigns/19764299214,customers/3599116618/campaigns/19764299214,
2026-08-06 15:10:14.744447,AD_GROUP_CRITERION,CHANGED,customers/3599116618/adGroupCriteria/151062191217~1748911514357,customers/3599116618/campaigns/20530080445,customers/3599116618/adGroups/151062191217
2026-08-06 14:59:04.810847,CAMPAIGN,CHANGED,customers/3599116618/campaigns/17655205884,customers/3599116618/campaigns/17655205884,
2026-08-06 14:59:04.810847,CAMPAIGN,CHANGED,customers/3599116618/campaigns/20520677694,customers/3599116618/campaigns/20520677694,
2026-08-06 14:48:39.914415,CAMPAIGN,CHANGED,customers/3599116618/campaigns/18788654586,customers/3599116618/campaigns/18788654586,
2026-08-06 11:59:02.179007,AD_GROUP_AD,CHANGED,customers/3599116618/adGroupAds/198241867676~815959512458,customers/3599116618/campaigns/24013643722,customers/3599116618/adGroups/198241867676
2026-08-06 11:59:02.179007,AD_GROUP_AD,CHANGED,customers/3599116618/adGroupAds/198241867836~815959512434,customers/3599116618/campaigns/24013643722,customers/3599116618/adGroups/198241867836
2026-08-06 11:59:01.979327,AD_GROUP_AD,CHANGED,customers/3599116618/adGroupAds/198241867836~815852183235,customers/3599116618/campaigns/24013643722,customers/3599116618/adGroups/198241867836
2026-08-06 11:59:01.483919,AD_GROUP_AD,CHANGED,customers/3599116618/adGroupAds/191608756741~801878291737,customers/3599116618/campaigns/23647458423,customers/3599116618/adGroups/191608756741
2026-08-06 11:59:01.483919,AD_GROUP_AD,CHANGED,customers/3599116618/adGroupAds/195360456899~804259880156,customers/3599116618/campaigns/23647458423,customers/3599116618/adGroups/195360456899
2026-08-06 11:59:01.483919,AD_GROUP_AD,CHANGED,customers/3599116618/adGroupAds/195360456899~805701314312,customers/3599116618/campaigns/23647458423,customers/3599116618/adGroups/195360456899
2026-08-06 11:59:00.886015,AD_GROUP_AD,CHANGED,customers/3599116618/adGroupAds/189694296709~787898525886,customers/3599116618/campaigns/23293840553,customers/3599116618/adGroups/189694296709
2026-08-06 11:59:00.886015,AD_GROUP_AD,CHANGED,customers/3599116618/adGroupAds/189439742810~800319312142,customers/3599116618/campaigns/23647458423,customers/3599116618/adGroups/189439742810
2026-08-06 11:59:00.886015,AD_GROUP_AD,CHANGED,customers/3599116618/adGroupAds/194910338075~800480239349,customers/3599116618/campaigns/23647458423,customers/3599116618/adGroups/194910338075
2026-08-06 11:59:00.487103,AD_GROUP_AD,CHANGED,customers/3599116618/adGroupAds/181957561130~778374569172,customers/3599116618/campaigns/23114698978,customers/3599116618/adGroups/181957561130
2026-08-06 11:59:00.487103,AD_GROUP_AD,CHANGED,customers/3599116618/adGroupAds/190607842687~778946934640,customers/3599116618/campaigns/23125747679,customers/3599116618/adGroups/190607842687
2026-08-06 11:59:00.487103,AD_GROUP_AD,CHANGED,customers/3599116618/adGroupAds/190607842767~779037443012,customers/3599116618/campaigns/23125747679,customers/3599116618/adGroups/190607842767
2026-08-06 11:59:00.487103,AD_GROUP_AD,CHANGED,customers/3599116618/adGroupAds/190607842927~778911721890,customers/3599116618/campaigns/23125747679,customers/3599116618/adGroups/190607842927
2026-08-06 11:59:00.487103,AD_GROUP_AD,CHANGED,customers/3599116618/adGroupAds/190607843007~778911652065,customers/3599116618/campaigns/23125747679,customers/3599116618/adGroups/190607843007
2026-08-06 11:59:00.487103,AD_GROUP_AD,CHANGED,customers/3599116618/adGroupAds/190607843007~778911708861,customers/3599116618/campaigns/23125747679,customers/3599116618/adGroups/190607843007
2026-08-06 11:59:00.487103,AD_GROUP_AD,CHANGED,customers/3599116618/adGroupAds/190607843007~778911722835,customers/3599116618/campaigns/23125747679,customers/3599116618/adGroups/190607843007
2026-08-06 11:59:00.487103,AD_GROUP_AD,CHANGED,customers/3599116618/adGroupAds/188006339894~785885578530,customers/3599116618/campaigns/23288843748,customers/3599116618/adGroups/188006339894
2026-08-06 11:58:59.866319,AD_GROUP_AD,CHANGED,customers/3599116618/adGroupAds/181388156310~743871693301,customers/3599116618/campaigns/22410839902,customers/3599116618/adGroups/181388156310
2026-08-06 11:58:59.866319,AD_GROUP_AD,CHANGED,customers/3599116618/adGroupAds/181388156310~743959850765,customers/3599116618/campaigns/22410839902,customers/3599116618/adGroups/181388156310
2026-08-06 11:58:59.866319,AD_GROUP_AD,CHANGED,customers/3599116618/adGroupAds/181388156390~743850399273,customers/3599116618/campaigns/22410839902,customers/3599116618/adGroups/181388156390
2026-08-06 11:58:59.866319,AD_GROUP_AD,CHANGED,customers/3599116618/adGroupAds/181388156390~743871825241,customers/3599116618/campaigns/22410839902,customers/3599116618/adGroups/181388156390
2026-08-06 09:48:37.966159,AD_GROUP_CRITERION,CHANGED,customers/3599116618/adGroupCriteria/152816606829~1933959631418,customers/3599116618/campaigns/20520282363,customers/3599116618/adGroups/152816606829
2026-08-06 09:48:37.966159,AD_GROUP_CRITERION,CHANGED,customers/3599116618/adGroupCriteria/152816606829~298951286375,customers/3599116618/campaigns/20520282363,customers/3599116618/adGroups/152816606829
2026-08-06 09:47:53.474175,CAMPAIGN,CHANGED,customers/3599116618/campaigns/20520258918,customers/3599116618/campaigns/20520258918,
2026-08-06 08:16:11.929071,CAMPAIGN_BUDGET,CHANGED,customers/3599116618/campaigns/19764299214,customers/3599116618/campaigns/19764299214,
2026-08-06 03:23:46.792607,CAMPAIGN,CHANGED,customers/3599116618/campaigns/20520282363,customers/3599116618/campaigns/20520282363,
2026-08-05 20:23:16.960769,AD_GROUP_AD,CHANGED,customers/3599116618/adGroupAds/142609568599~634104641924,customers/3599116618/campaigns/17820068572,customers/3599116618/adGroups/142609568599
2026-08-05 20:23:16.960769,AD_GROUP_AD,CHANGED,customers/3599116618/adGroupAds/142609568599~663126757863,customers/3599116618/campaigns/17820068572,customers/3599116618/adGroups/142609568599
2026-08-05 20:23:16.960769,AD_GROUP_AD,CHANGED,customers/3599116618/adGroupAds/142609568599~663163709482,customers/3599116618/campaigns/17820068572,customers/3599116618/adGroups/142609568599
2026-08-05 20:23:16.960769,AD_GROUP_AD,CHANGED,customers/3599116618/adGroupAds/158916156691~673071150178,customers/3599116618/campaigns/20520258918,customers/3599116618/adGroups/158916156691
2026-08-05 20:23:16.960769,AD_GROUP_AD,CHANGED,customers/3599116618/adGroupAds/152816606829~673129726202,customers/3599116618/campaigns/20520282363,customers/3599116618/adGroups/152816606829
2026-08-05 20:23:16.960769,AD_GROUP_AD,CHANGED,customers/3599116618/adGroupAds/154062129540~673139519483,customers/3599116618/campaigns/20520677694,customers/3599116618/adGroups/154062129540
2026-08-05 20:23:16.960769,AD_GROUP_AD,CHANGED,customers/3599116618/adGroupAds/151062191217~673070315644,customers/3599116618/campaigns/20530080445,customers/3599116618/adGroups/151062191217
2026-08-05 18:44:38.107823,CAMPAIGN_BUDGET,CHANGED,customers/3599116618/campaigns/23647458423,customers/3599116618/campaigns/23647458423,
2026-08-05 09:49:57.324767,AD_GROUP_AD,CHANGED,customers/3599116618/adGroupAds/198241867636~815959520615,customers/3599116618/campaigns/24013643722,customers/3599116618/adGroups/198241867636
2026-08-05 09:49:57.324767,AD_GROUP_AD,CHANGED,customers/3599116618/adGroupAds/198241867676~815959538831,customers/3599116618/campaigns/24013643722,customers/3599116618/adGroups/198241867676
2026-08-05 09:49:57.086847,AD_GROUP_AD,CHANGED,customers/3599116618/adGroupAds/198241867676~815959512452,customers/3599116618/campaigns/24013643722,customers/3599116618/adGroups/198241867676
2026-08-05 09:49:55.648799,AD_GROUP_AD,CHANGED,customers/3599116618/adGroupAds/198241867596~815959512377,customers/3599116618/campaigns/24013643722,customers/3599116618/adGroups/198241867596
2026-08-05 09:49:55.648799,AD_GROUP_AD,CHANGED,customers/3599116618/adGroupAds/198241867636~815959512428,customers/3599116618/campaigns/24013643722,customers/3599116618/adGroups/198241867636
2026-08-05 09:49:55.648799,AD_GROUP_AD,CHANGED,customers/3599116618/adGroupAds/198241867636~815959512431,customers/3599116618/campaigns/24013643722,customers/3599116618/adGroups/198241867636
2026-08-05 09:49:55.648799,AD_GROUP_AD,CHANGED,customers/3599116618/adGroupAds/198241867676~815959512446,customers/3599116618/campaigns/24013643722,customers/3599116618/adGroups/198241867676
2026-08-05 09:49:55.648799,AD_GROUP_AD,CHANGED,customers/3599116618/adGroupAds/198241867836~815959512449,customers/3599116618/campaigns/24013643722,customers/3599116618/adGroups/198241867836
2026-08-05 09:49:55.406031,AD_GROUP_AD,CHANGED,customers/3599116618/adGroupAds/198241867636~815886210397,customers/3599116618/campaigns/24013643722,customers/3599116618/adGroups/198241867636
2026-08-05 09:49:55.406031,AD_GROUP_AD,CHANGED,customers/3599116618/adGroupAds/198241867676~815886210139,customers/3599116618/campaigns/24013643722,customers/3599116618/adGroups/198241867676
2026-08-05 09:49:55.406031,AD_GROUP_AD,CHANGED,customers/3599116618/adGroupAds/198241867676~815886210406,customers/3599116618/campaigns/24013643722,customers/3599116618/adGroups/198241867676
2026-08-05 09:49:55.406031,AD_GROUP_AD,CHANGED,customers/3599116618/adGroupAds/198241867676~815886210430,customers/3599116618/campaigns/24013643722,customers/3599116618/adGroups/198241867676
2026-08-05 09:49:55.406031,AD_GROUP_AD,CHANGED,customers/3599116618/adGroupAds/198241867676~815959511513,customers/3599116618/campaigns/24013643722,customers/3599116618/adGroups/198241867676
2026-08-05 09:49:55.406031,AD_GROUP_AD,CHANGED,customers/3599116618/adGroupAds/198241867676~815959511711,customers/3599116618/campaigns/24013643722,customers/3599116618/adGroups/198241867676
2026-08-05 09:49:55.406031,AD_GROUP_AD,CHANGED,customers/3599116618/adGroupAds/198241867836~815886210403,customers/3599116618/campaigns/24013643722,customers/3599116618/adGroups/198241867836
2026-08-05 09:49:55.163231,AD_GROUP_AD,CHANGED,customers/3599116618/adGroupAds/198241867596~815883443929,customers/3599116618/campaigns/24013643722,customers/3599116618/adGroups/198241867596
2026-08-05 09:49:55.163231,AD_GROUP_AD,CHANGED,customers/3599116618/adGroupAds/198241867596~815886094063,customers/3599116618/campaigns/24013643722,customers/3599116618/adGroups/198241867596
2026-08-05 09:49:55.163231,AD_GROUP_AD,CHANGED,customers/3599116618/adGroupAds/198241867596~815886195973,customers/3599116618/campaigns/24013643722,customers/3599116618/adGroups/198241867596
2026-08-05 09:49:55.163231,AD_GROUP_AD,CHANGED,customers/3599116618/adGroupAds/198241867636~815886195961,customers/3599116618/campaigns/24013643722,customers/3599116618/adGroups/198241867636
2026-08-05 09:49:55.163231,AD_GROUP_AD,CHANGED,customers/3599116618/adGroupAds/198241867636~815886195979,customers/3599116618/campaigns/24013643722,customers/3599116618/adGroups/198241867636
2026-08-05 09:49:55.163231,AD_GROUP_AD,CHANGED,customers/3599116618/adGroupAds/198241867676~815886195967,customers/3599116618/campaigns/24013643722,customers/3599116618/adGroups/198241867676
2026-08-05 09:49:55.163231,AD_GROUP_AD,CHANGED,customers/3599116618/adGroupAds/198241867836~815852183241,customers/3599116618/campaigns/24013643722,customers/3599116618/adGroups/198241867836
2026-08-05 09:49:54.913295,AD_GROUP_AD,CHANGED,customers/3599116618/adGroupAds/189439742810~800284924050,customers/3599116618/campaigns/23647458423,customers/3599116618/adGroups/189439742810
2026-08-05 09:49:54.913295,AD_GROUP_AD,CHANGED,customers/3599116618/adGroupAds/189439742810~800284930731,customers/3599116618/campaigns/23647458423,customers/3599116618/adGroups/189439742810
2026-08-05 09:49:54.913295,AD_GROUP_AD,CHANGED,customers/3599116618/adGroupAds/189439742810~800396048096,customers/3599116618/campaigns/23647458423,customers/3599116618/adGroups/189439742810
2026-08-05 09:49:54.913295,AD_GROUP_AD,CHANGED,customers/3599116618/adGroupAds/191608756741~801953163008,customers/3599116618/campaigns/23647458423,customers/3599116618/adGroups/191608756741
2026-08-05 09:49:54.913295,AD_GROUP_AD,CHANGED,customers/3599116618/adGroupAds/191608756741~802425354675,customers/3599116618/campaigns/23647458423,customers/3599116618/adGroups/191608756741
2026-08-05 09:49:54.913295,AD_GROUP_AD,CHANGED,customers/3599116618/adGroupAds/194910338075~800279948591,customers/3599116618/campaigns/23647458423,customers/3599116618/adGroups/194910338075
2026-08-05 09:49:54.913295,AD_GROUP_AD,CHANGED,customers/3599116618/adGroupAds/195360456899~804259875833,customers/3599116618/campaigns/23647458423,customers/3599116618/adGroups/195360456899
2026-08-05 09:49:54.913295,AD_GROUP_AD,CHANGED,customers/3599116618/adGroupAds/195360456899~804328288248,customers/3599116618/campaigns/23647458423,customers/3599116618/adGroups/195360456899
2026-08-05 09:49:54.670815,AD_GROUP_AD,CHANGED,customers/3599116618/adGroupAds/194910338075~800202991438,customers/3599116618/campaigns/23647458423,customers/3599116618/adGroups/194910338075
2026-08-05 09:49:54.670815,AD_GROUP_AD,CHANGED,customers/3599116618/adGroupAds/194306894156~800203556290,customers/3599116618/campaigns/23653110143,customers/3599116618/adGroups/194306894156
2026-08-05 09:49:54.670815,AD_GROUP_AD,CHANGED,customers/3599116618/adGroupAds/194306894156~800203556548,customers/3599116618/campaigns/23653110143,customers/3599116618/adGroups/194306894156
2026-08-05 09:49:54.670815,AD_GROUP_AD,CHANGED,customers/3599116618/adGroupAds/194306894316~800203282306,customers/3599116618/campaigns/23653110143,customers/3599116618/adGroups/194306894316
2026-08-05 09:49:54.670815,AD_GROUP_AD,CHANGED,customers/3599116618/adGroupAds/194306894316~800203556308,customers/3599116618/campaigns/23653110143,customers/3599116618/adGroups/194306894316
2026-08-05 09:49:54.670815,AD_GROUP_AD,CHANGED,customers/3599116618/adGroupAds/197282610867~800203964335,customers/3599116618/campaigns/23657752699,customers/3599116618/adGroups/197282610867
2026-08-05 09:49:54.670815,AD_GROUP_AD,CHANGED,customers/3599116618/adGroupAds/197282610867~800205468892,customers/3599116618/campaigns/23657752699,customers/3599116618/adGroups/197282610867
2026-08-05 09:49:54.670815,AD_GROUP_AD,CHANGED,customers/3599116618/adGroupAds/197282610867~800205468895,customers/3599116618/campaigns/23657752699,customers/3599116618/adGroups/197282610867
2026-08-05 09:49:54.404303,AD_GROUP_AD,CHANGED,customers/3599116618/adGroupAds/194910338075~800192636344,customers/3599116618/campaigns/23647458423,customers/3599116618/adGroups/194910338075
2026-08-05 09:49:54.404303,AD_GROUP_AD,CHANGED,customers/3599116618/adGroupAds/194910338075~800192636623,customers/3599116618/campaigns/23647458423,customers/3599116618/adGroups/194910338075
2026-08-05 09:49:53.054415,AD_GROUP_AD,CHANGED,customers/3599116618/adGroupAds/197282610867~800169520692,customers/3599116618/campaigns/23657752699,customers/3599116618/adGroups/197282610867
2026-08-05 09:49:52.805135,AD_GROUP_AD,CHANGED,customers/3599116618/adGroupAds/195793798004~800050700824,customers/3599116618/campaigns/23644271217,customers/3599116618/adGroups/195793798004
2026-08-05 09:49:52.805135,AD_GROUP_AD,CHANGED,customers/3599116618/adGroupAds/195793798004~800050701241,customers/3599116618/campaigns/23644271217,customers/3599116618/adGroups/195793798004
2026-08-05 09:49:52.805135,AD_GROUP_AD,CHANGED,customers/3599116618/adGroupAds/195793798004~800128388573,customers/3599116618/campaigns/23644271217,customers/3599116618/adGroups/195793798004
2026-08-05 09:49:52.805135,AD_GROUP_AD,CHANGED,customers/3599116618/adGroupAds/195793798204~800050701499,customers/3599116618/campaigns/23644271217,customers/3599116618/adGroups/195793798204
2026-08-05 09:49:52.805135,AD_GROUP_AD,CHANGED,customers/3599116618/adGroupAds/195793798204~800050701511,customers/3599116618/campaigns/23644271217,customers/3599116618/adGroups/195793798204
2026-08-05 09:49:52.805135,AD_GROUP_AD,CHANGED,customers/3599116618/adGroupAds/195793798204~800128388549,customers/3599116618/campaigns/23644271217,customers/3599116618/adGroups/195793798204
2026-08-05 09:49:52.805135,AD_GROUP_AD,CHANGED,customers/3599116618/adGroupAds/195793798244~800050701049,customers/3599116618/campaigns/23644271217,customers/3599116618/adGroups/195793798244
2026-08-05 09:49:52.805135,AD_GROUP_AD,CHANGED,customers/3599116618/adGroupAds/195793798244~800050701283,customers/3599116618/campaigns/23644271217,customers/3599116618/adGroups/195793798244
2026-08-05 09:49:52.504383,AD_GROUP_AD,CHANGED,customers/3599116618/adGroupAds/189694296669~788533000470,customers/3599116618/campaigns/23293840553,customers/3599116618/adGroups/189694296669
2026-08-05 09:49:52.504383,AD_GROUP_AD,CHANGED,customers/3599116618/adGroupAds/189694296669~788569604779,customers/3599116618/campaigns/23293840553,customers/3599116618/adGroups/189694296669
2026-08-05 09:49:52.504383,AD_GROUP_AD,CHANGED,customers/3599116618/adGroupAds/189694296709~788021299604,customers/3599116618/campaigns/23293840553,customers/3599116618/adGroups/189694296709
2026-08-05 09:49:52.504383,AD_GROUP_AD,CHANGED,customers/3599116618/adGroupAds/195793798004~800050700620,customers/3599116618/campaigns/23644271217,customers/3599116618/adGroups/195793798004
2026-08-05 09:49:52.504383,AD_GROUP_AD,CHANGED,customers/3599116618/adGroupAds/195793798004~800050700764,customers/3599116618/campaigns/23644271217,customers/3599116618/adGroups/195793798004
2026-08-05 09:49:52.504383,AD_GROUP_AD,CHANGED,customers/3599116618/adGroupAds/195793798204~800050600990,customers/3599116618/campaigns/23644271217,customers/3599116618/adGroups/195793798204
2026-08-05 09:49:52.504383,AD_GROUP_AD,CHANGED,customers/3599116618/adGroupAds/195793798244~800050600996,customers/3599116618/campaigns/23644271217,customers/3599116618/adGroups/195793798244
2026-08-05 09:49:52.257055,AD_GROUP_AD,CHANGED,customers/3599116618/adGroupAds/189694296709~787897914378,customers/3599116618/campaigns/23293840553,customers/3599116618/adGroups/189694296709
2026-08-05 09:49:52.257055,AD_GROUP_AD,CHANGED,customers/3599116618/adGroupAds/189694296709~788012690831,customers/3599116618/campaigns/23293840553,customers/3599116618/adGroups/189694296709
2026-08-05 09:49:52.257055,AD_GROUP_AD,CHANGED,customers/3599116618/adGroupAds/189694296709~788021277794,customers/3599116618/campaigns/23293840553,customers/3599116618/adGroups/189694296709
2026-08-05 09:49:51.588799,AD_GROUP_AD,CHANGED,customers/3599116618/adGroupAds/189694296669~787889945190,customers/3599116618/campaigns/23293840553,customers/3599116618/adGroups/189694296669
2026-08-05 09:49:51.588799,AD_GROUP_AD,CHANGED,customers/3599116618/adGroupAds/189694296709~787889855196,customers/3599116618/campaigns/23293840553,customers/3599116618/adGroups/189694296709
2026-08-05 09:49:51.338623,AD_GROUP_AD,CHANGED,customers/3599116618/adGroupAds/189537537539~786108711320,customers/3599116618/campaigns/23288843748,customers/3599116618/adGroups/189537537539
2026-08-05 09:49:51.338623,AD_GROUP_AD,CHANGED,customers/3599116618/adGroupAds/189537537539~786108711338,customers/3599116618/campaigns/23288843748,customers/3599116618/adGroups/189537537539
2026-08-05 09:49:49.776127,AD_GROUP_AD,CHANGED,customers/3599116618/adGroupAds/188006339894~786013021586,customers/3599116618/campaigns/23288843748,customers/3599116618/adGroups/188006339894
2026-08-05 09:49:49.328575,AD_GROUP_AD,CHANGED,customers/3599116618/adGroupAds/189330399117~785917835746,customers/3599116618/campaigns/23288843748,customers/3599116618/adGroups/189330399117
2026-08-05 09:49:48.083375,AD_GROUP_AD,CHANGED,customers/3599116618/adGroupAds/189917829995~785610385363,customers/3599116618/campaigns/23288843748,customers/3599116618/adGroups/189917829995
2026-08-05 09:49:48.083375,AD_GROUP_AD,CHANGED,customers/3599116618/adGroupAds/192156576474~785461506632,customers/3599116618/campaigns/23293840553,customers/3599116618/adGroups/192156576474
2026-08-05 09:49:47.840271,AD_GROUP_AD,CHANGED,customers/3599116618/adGroupAds/194798124411~785335636038,customers/3599116618/campaigns/23288843748,customers/3599116618/adGroups/194798124411
2026-08-05 09:49:47.840271,AD_GROUP_AD,CHANGED,customers/3599116618/adGroupAds/194798124411~785335636041,customers/3599116618/campaigns/23288843748,customers/3599116618/adGroups/194798124411
2026-08-05 09:49:47.840271,AD_GROUP_AD,CHANGED,customers/3599116618/adGroupAds/194798124451~785335591833,customers/3599116618/campaigns/23288843748,customers/3599116618/adGroups/194798124451
2026-08-05 09:49:47.840271,AD_GROUP_AD,CHANGED,customers/3599116618/adGroupAds/194798124451~785335636032,customers/3599116618/campaigns/23288843748,customers/3599116618/adGroups/194798124451
2026-08-05 09:49:47.840271,AD_GROUP_AD,CHANGED,customers/3599116618/adGroupAds/194798124451~785335636035,customers/3599116618/campaigns/23288843748,customers/3599116618/adGroups/194798124451
2026-08-05 09:49:47.840271,AD_GROUP_AD,CHANGED,customers/3599116618/adGroupAds/192156576474~785370286279,customers/3599116618/campaigns/23293840553,customers/3599116618/adGroups/192156576474
2026-08-05 09:49:47.840271,AD_GROUP_AD,CHANGED,customers/3599116618/adGroupAds/192156576634~785370286273,customers/3599116618/campaigns/23293840553,customers/3599116618/adGroups/192156576634
2026-08-05 09:49:47.563215,AD_GROUP_AD,CHANGED,customers/3599116618/adGroupAds/194798124411~785335591830,customers/3599116618/campaigns/23288843748,customers/3599116618/adGroups/194798124411
2026-08-05 09:49:47.563215,AD_GROUP_AD,CHANGED,customers/3599116618/adGroupAds/192156576634~785335461765,customers/3599116618/campaigns/23293840553,customers/3599116618/adGroups/192156576634
2026-08-05 09:49:46.799599,AD_GROUP_AD,CHANGED,customers/3599116618/adGroupAds/190607842687~779037470774,customers/3599116618/campaigns/23125747679,customers/3599116618/adGroups/190607842687
2026-08-05 09:49:46.799599,AD_GROUP_AD,CHANGED,customers/3599116618/adGroupAds/190607842727~779037457616,customers/3599116618/campaigns/23125747679,customers/3599116618/adGroups/190607842727
2026-08-05 09:49:46.799599,AD_GROUP_AD,CHANGED,customers/3599116618/adGroupAds/190607842927~779037467672,customers/3599116618/campaigns/23125747679,customers/3599116618/adGroups/190607842927
2026-08-05 09:49:46.799599,AD_GROUP_AD,CHANGED,customers/3599116618/adGroupAds/190607843007~779037469094,customers/3599116618/campaigns/23125747679,customers/3599116618/adGroups/190607843007
2026-08-05 09:49:46.799599,AD_GROUP_AD,CHANGED,customers/3599116618/adGroupAds/190607843007~779037470834,customers/3599116618/campaigns/23125747679,customers/3599116618/adGroups/190607843007
2026-08-05 09:49:46.543279,AD_GROUP_AD,CHANGED,customers/3599116618/adGroupAds/190607842727~778911696888,customers/3599116618/campaigns/23125747679,customers/3599116618/adGroups/190607842727
2026-08-05 09:49:46.543279,AD_GROUP_AD,CHANGED,customers/3599116618/adGroupAds/190607842727~778911697611,customers/3599116618/campaigns/23125747679,customers/3599116618/adGroups/190607842727
2026-08-05 09:49:46.543279,AD_GROUP_AD,CHANGED,customers/3599116618/adGroupAds/190607842727~779037452636,customers/3599116618/campaigns/23125747679,customers/3599116618/adGroups/190607842727
2026-08-05 09:49:46.543279,AD_GROUP_AD,CHANGED,customers/3599116618/adGroupAds/190607842967~778946922673,customers/3599116618/campaigns/23125747679,customers/3599116618/adGroups/190607842967
2026-08-05 09:49:46.543279,AD_GROUP_AD,CHANGED,customers/3599116618/adGroupAds/190607842967~779037452570,customers/3599116618/campaigns/23125747679,customers/3599116618/adGroups/190607842967
2026-08-05 09:49:46.543279,AD_GROUP_AD,CHANGED,customers/3599116618/adGroupAds/190607843007~778911695412,customers/3599116618/campaigns/23125747679,customers/3599116618/adGroups/190607843007
2026-08-05 09:49:46.543279,AD_GROUP_AD,CHANGED,customers/3599116618/adGroupAds/190607843007~778946923393,customers/3599116618/campaigns/23125747679,customers/3599116618/adGroups/190607843007
2026-08-05 09:49:46.304495,AD_GROUP_AD,CHANGED,customers/3599116618/adGroupAds/181958319730~778499567978,customers/3599116618/campaigns/23114877277,customers/3599116618/adGroups/181958319730
2026-08-05 09:49:46.304495,AD_GROUP_AD,CHANGED,customers/3599116618/adGroupAds/181958319770~778411360702,customers/3599116618/campaigns/23114877277,customers/3599116618/adGroups/181958319770
2026-08-05 09:49:46.304495,AD_GROUP_AD,CHANGED,customers/3599116618/adGroupAds/190607842727~778911683259,customers/3599116618/campaigns/23125747679,customers/3599116618/adGroups/190607842727
2026-08-05 09:49:45.561551,AD_GROUP_AD,CHANGED,customers/3599116618/adGroupAds/183980204822~778411254907,customers/3599116618/campaigns/23114877277,customers/3599116618/adGroups/183980204822
2026-08-05 09:49:44.113007,AD_GROUP_AD,CHANGED,customers/3599116618/adGroupAds/189805080187~778409504629,customers/3599116618/campaigns/23114698978,customers/3599116618/adGroups/189805080187
2026-08-05 09:49:42.044623,AD_GROUP_AD,CHANGED,customers/3599116618/adGroupAds/181388156150~743871825253,customers/3599116618/campaigns/22410839902,customers/3599116618/adGroups/181388156150
2026-08-05 09:49:42.044623,AD_GROUP_AD,CHANGED,customers/3599116618/adGroupAds/181388156310~743850399303,customers/3599116618/campaigns/22410839902,customers/3599116618/adGroups/181388156310
2026-08-05 09:49:42.044623,AD_GROUP_AD,CHANGED,customers/3599116618/adGroupAds/181388156310~743871816691,customers/3599116618/campaigns/22410839902,customers/3599116618/adGroups/181388156310
2026-08-05 09:49:42.044623,AD_GROUP_AD,CHANGED,customers/3599116618/adGroupAds/181388156310~743871825112,customers/3599116618/campaigns/22410839902,customers/3599116618/adGroups/181388156310
2026-08-05 09:49:41.786271,AD_GROUP_AD,CHANGED,customers/3599116618/adGroupAds/172570408953~722983610295,customers/3599116618/campaigns/20547349641,customers/3599116618/adGroups/172570408953
2026-08-05 09:49:41.786271,AD_GROUP_AD,CHANGED,customers/3599116618/adGroupAds/172570408953~722983610298,customers/3599116618/campaigns/20547349641,customers/3599116618/adGroups/172570408953
2026-08-05 09:49:41.786271,AD_GROUP_AD,CHANGED,customers/3599116618/adGroupAds/181388156310~743849486283,customers/3599116618/campaigns/22410839902,customers/3599116618/adGroups/181388156310
2026-08-05 09:49:40.527599,AD_GROUP_AD,CHANGED,customers/3599116618/adGroupAds/160644958513~691693216971,customers/3599116618/campaigns/20547349641,customers/3599116618/adGroups/160644958513
2026-08-05 09:49:40.268159,AD_GROUP_AD,CHANGED,customers/3599116618/adGroupAds/160644958513~691693216965,customers/3599116618/campaigns/20547349641,customers/3599116618/adGroups/160644958513
2026-08-05 09:49:38.127791,AD_GROUP_AD,CHANGED,customers/3599116618/adGroupAds/159185448128~682184660382,customers/3599116618/campaigns/20547349641,customers/3599116618/adGroups/159185448128
2026-08-05 09:49:36.077343,AD_GROUP_AD,CHANGED,customers/3599116618/adGroupAds/159185448128~674033563367,customers/3599116618/campaigns/20547349641,customers/3599116618/adGroups/159185448128
2026-08-05 01:40:43.926991,AD_GROUP_CRITERION,CHANGED,customers/3599116618/adGroupCriteria/151062191217~406148670404,customers/3599116618/campaigns/20530080445,customers/3599116618/adGroups/151062191217
2026-08-04 09:31:42.950303,AD_GROUP_CRITERION,CHANGED,customers/3599116618/adGroupCriteria/152816606829~298883683899,customers/3599116618/campaigns/20520282363,customers/3599116618/adGroups/152816606829
2026-08-04 01:00:06.555631,AD_GROUP_CRITERION,CHANGED,customers/3599116618/adGroupCriteria/151062191217~363100617039,customers/3599116618/campaigns/20530080445,customers/3599116618/adGroups/151062191217
2026-08-02 23:33:26.839295,AD_GROUP_CRITERION,CHANGED,customers/3599116618/adGroupCriteria/136874058205~405102330867,customers/3599116618/campaigns/17655205884,customers/3599116618/adGroups/136874058205
2026-08-02 23:33:26.839295,AD_GROUP_CRITERION,CHANGED,customers/3599116618/adGroupCriteria/141337937031~428654865793,customers/3599116618/campaigns/17655205884,customers/3599116618/adGroups/141337937031
2026-08-02 23:33:26.839295,AD_GROUP_CRITERION,CHANGED,customers/3599116618/adGroupCriteria/142609568599~1911974323360,customers/3599116618/campaigns/17820068572,customers/3599116618/adGroups/142609568599
2026-08-02 23:33:26.839295,AD_GROUP_CRITERION,CHANGED,customers/3599116618/adGroupCriteria/142609568599~855470283988,customers/3599116618/campaigns/17820068572,customers/3599116618/adGroups/142609568599
2026-08-02 23:33:26.839295,AD_GROUP_CRITERION,CHANGED,customers/3599116618/adGroupCriteria/149134189166~1911974323360,customers/3599116618/campaigns/17820068572,customers/3599116618/adGroups/149134189166
2026-08-02 23:33:26.839295,AD_GROUP_CRITERION,CHANGED,customers/3599116618/adGroupCriteria/149134189166~855470283988,customers/3599116618/campaigns/17820068572,customers/3599116618/adGroups/149134189166
2026-08-02 23:33:26.839295,AD_GROUP_CRITERION,CHANGED,customers/3599116618/adGroupCriteria/153203976687~1911974323360,customers/3599116618/campaigns/20186748653,customers/3599116618/adGroups/153203976687
2026-08-02 23:33:26.839295,AD_GROUP_CRITERION,CHANGED,customers/3599116618/adGroupCriteria/153203976687~855470283988,customers/3599116618/campaigns/20186748653,customers/3599116618/adGroups/153203976687
2026-08-02 05:14:31.053791,AD_GROUP_AD,CHANGED,customers/3599116618/adGroupAds/191608756741~801953162777,customers/3599116618/campaigns/23647458423,customers/3599116618/adGroups/191608756741
2026-08-02 05:14:28.173071,AD_GROUP_AD,CHANGED,customers/3599116618/adGroupAds/188006339894~785885578938,customers/3599116618/campaigns/23288843748,customers/3599116618/adGroups/188006339894
2026-08-02 05:14:28.173071,AD_GROUP_AD,CHANGED,customers/3599116618/adGroupAds/189330399117~785917935820,customers/3599116618/campaigns/23288843748,customers/3599116618/adGroups/189330399117
2026-08-02 05:14:28.173071,AD_GROUP_AD,CHANGED,customers/3599116618/adGroupAds/189694296669~787889945184,customers/3599116618/campaigns/23293840553,customers/3599116618/adGroups/189694296669
2026-08-02 05:14:28.173071,AD_GROUP_AD,CHANGED,customers/3599116618/adGroupAds/189694296669~787889945187,customers/3599116618/campaigns/23293840553,customers/3599116618/adGroups/189694296669
2026-08-02 05:14:27.985343,AD_GROUP_AD,CHANGED,customers/3599116618/adGroupAds/190607842967~778946933986,customers/3599116618/campaigns/23125747679,customers/3599116618/adGroups/190607842967
2026-08-02 05:14:27.985343,AD_GROUP_AD,CHANGED,customers/3599116618/adGroupAds/189917829995~785610384868,customers/3599116618/campaigns/23288843748,customers/3599116618/adGroups/189917829995
2026-08-02 05:14:27.985343,AD_GROUP_AD,CHANGED,customers/3599116618/adGroupAds/189917829995~785610384904,customers/3599116618/campaigns/23288843748,customers/3599116618/adGroups/189917829995
2026-08-02 05:14:27.985343,AD_GROUP_AD,CHANGED,customers/3599116618/adGroupAds/192156576474~785461482926,customers/3599116618/campaigns/23293840553,customers/3599116618/adGroups/192156576474
2026-08-02 05:14:27.789711,AD_GROUP_AD,CHANGED,customers/3599116618/adGroupAds/190607842727~778911696627,customers/3599116618/campaigns/23125747679,customers/3599116618/adGroups/190607842727
2026-08-02 05:14:27.789711,AD_GROUP_AD,CHANGED,customers/3599116618/adGroupAds/190607843007~778911695511,customers/3599116618/campaigns/23125747679,customers/3599116618/adGroups/190607843007
2026-08-02 05:14:25.690111,AD_GROUP_AD,CHANGED,customers/3599116618/adGroupAds/159185448128~675403134387,customers/3599116618/campaigns/20547349641,customers/3599116618/adGroups/159185448128
2026-08-02 05:14:25.690111,AD_GROUP_AD,CHANGED,customers/3599116618/adGroupAds/181388156150~743959971797,customers/3599116618/campaigns/22410839902,customers/3599116618/adGroups/181388156150
2026-08-02 05:14:25.690111,AD_GROUP_AD,CHANGED,customers/3599116618/adGroupAds/181388156310~743871816700,customers/3599116618/campaigns/22410839902,customers/3599116618/adGroups/181388156310
2026-08-02 05:14:25.690111,AD_GROUP_AD,CHANGED,customers/3599116618/adGroupAds/181388156310~743871825079,customers/3599116618/campaigns/22410839902,customers/3599116618/adGroups/181388156310
2026-08-02 05:14:25.690111,AD_GROUP_AD,CHANGED,customers/3599116618/adGroupAds/181388156350~743871816676,customers/3599116618/campaigns/22410839902,customers/3599116618/adGroups/181388156350
2026-08-01 05:02:06.909599,AD_GROUP_AD,CHANGED,customers/3599116618/adGroupAds/198241867676~815886195985,customers/3599116618/campaigns/24013643722,customers/3599116618/adGroups/198241867676
2026-08-01 05:02:06.909599,AD_GROUP_AD,CHANGED,customers/3599116618/adGroupAds/198241867676~815959538828,customers/3599116618/campaigns/24013643722,customers/3599116618/adGroups/198241867676
2026-08-01 05:02:06.909599,AD_GROUP_AD,CHANGED,customers/3599116618/adGroupAds/198241867836~815886195964,customers/3599116618/campaigns/24013643722,customers/3599116618/adGroups/198241867836
2026-08-01 05:02:06.909599,AD_GROUP_AD,CHANGED,customers/3599116618/adGroupAds/198241867836~815959520810,customers/3599116618/campaigns/24013643722,customers/3599116618/adGroups/198241867836
2026-08-01 05:02:06.717599,AD_GROUP_AD,CHANGED,customers/3599116618/adGroupAds/191608756741~802446298528,customers/3599116618/campaigns/23647458423,customers/3599116618/adGroups/191608756741
2026-08-01 05:02:06.717599,AD_GROUP_AD,CHANGED,customers/3599116618/adGroupAds/194910338075~800369762550,customers/3599116618/campaigns/23647458423,customers/3599116618/adGroups/194910338075
2026-08-01 05:02:06.717599,AD_GROUP_AD,CHANGED,customers/3599116618/adGroupAds/195360456899~804182031541,customers/3599116618/campaigns/23647458423,customers/3599116618/adGroups/195360456899
2026-08-01 05:02:06.717599,AD_GROUP_AD,CHANGED,customers/3599116618/adGroupAds/194306894316~800203556356,customers/3599116618/campaigns/23653110143,customers/3599116618/adGroups/194306894316
2026-08-01 05:02:06.717599,AD_GROUP_AD,CHANGED,customers/3599116618/adGroupAds/198241867676~815852183199,customers/3599116618/campaigns/24013643722,customers/3599116618/adGroups/198241867676
2026-08-01 05:02:06.717599,AD_GROUP_AD,CHANGED,customers/3599116618/adGroupAds/198241867676~815852183211,customers/3599116618/campaigns/24013643722,customers/3599116618/adGroups/198241867676
2026-08-01 05:02:06.717599,AD_GROUP_AD,CHANGED,customers/3599116618/adGroupAds/198241867836~815852183238,customers/3599116618/campaigns/24013643722,customers/3599116618/adGroups/198241867836
2026-08-01 05:02:06.519951,AD_GROUP_AD,CHANGED,customers/3599116618/adGroupAds/189537537539~786108711344,customers/3599116618/campaigns/23288843748,customers/3599116618/adGroups/189537537539
2026-08-01 05:02:06.519951,AD_GROUP_AD,CHANGED,customers/3599116618/adGroupAds/189694296709~787889855199,customers/3599116618/campaigns/23293840553,customers/3599116618/adGroups/189694296709
2026-08-01 05:02:06.519951,AD_GROUP_AD,CHANGED,customers/3599116618/adGroupAds/195793798204~800049957286,customers/3599116618/campaigns/23644271217,customers/3599116618/adGroups/195793798204
2026-08-01 05:02:06.519951,AD_GROUP_AD,CHANGED,customers/3599116618/adGroupAds/195793798204~800050700542,customers/3599116618/campaigns/23644271217,customers/3599116618/adGroups/195793798204
2026-08-01 05:01:05.009151,AD_GROUP_AD,CHANGED,customers/3599116618/adGroupAds/181388156310~743959850804,customers/3599116618/campaigns/22410839902,customers/3599116618/adGroups/181388156310
2026-08-01 05:01:05.009151,AD_GROUP_AD,CHANGED,customers/3599116618/adGroupAds/181388156390~743871693286,customers/3599116618/campaigns/22410839902,customers/3599116618/adGroups/181388156390
2026-08-01 05:01:05.009151,AD_GROUP_AD,CHANGED,customers/3599116618/adGroupAds/190607842727~778911689481,customers/3599116618/campaigns/23125747679,customers/3599116618/adGroups/190607842727
2026-08-01 05:01:05.009151,AD_GROUP_AD,CHANGED,customers/3599116618/adGroupAds/190607842727~779037453005,customers/3599116618/campaigns/23125747679,customers/3599116618/adGroups/190607842727
2026-08-01 05:01:05.009151,AD_GROUP_AD,CHANGED,customers/3599116618/adGroupAds/190607842927~778911697362,customers/3599116618/campaigns/23125747679,customers/3599116618/adGroups/190607842927
2026-08-01 05:01:04.803055,AD_GROUP_AD,CHANGED,customers/3599116618/adGroupAds/160644958513~696189257686,customers/3599116618/campaigns/20547349641,customers/3599116618/adGroups/160644958513
2026-08-01 05:01:04.803055,AD_GROUP_AD,CHANGED,customers/3599116618/adGroupAds/172570408953~722983610301,customers/3599116618/campaigns/20547349641,customers/3599116618/adGroups/172570408953
2026-07-31 08:18:15.289999,AD_GROUP_CRITERION,CHANGED,customers/3599116618/adGroupCriteria/151062191217~1570245148050,customers/3599116618/campaigns/20530080445,customers/3599116618/adGroups/151062191217
2026-07-31 02:15:00.353215,AD_GROUP_AD,CHANGED,customers/3599116618/adGroupAds/195360456899~804259875317,customers/3599116618/campaigns/23647458423,customers/3599116618/adGroups/195360456899
2026-07-31 02:15:00.353215,AD_GROUP_AD,CHANGED,customers/3599116618/adGroupAds/195360456899~804259876952,customers/3599116618/campaigns/23647458423,customers/3599116618/adGroups/195360456899
2026-07-31 02:15:00.353215,AD_GROUP_AD,CHANGED,customers/3599116618/adGroupAds/195360456899~804328080619,customers/3599116618/campaigns/23647458423,customers/3599116618/adGroups/195360456899
2026-07-31 02:15:00.353215,AD_GROUP_AD,CHANGED,customers/3599116618/adGroupAds/195360456899~804363995941,customers/3599116618/campaigns/23647458423,customers/3599116618/adGroups/195360456899
2026-07-31 02:15:00.353215,AD_GROUP_AD,CHANGED,customers/3599116618/adGroupAds/195360456899~805623714427,customers/3599116618/campaigns/23647458423,customers/3599116618/adGroups/195360456899
2026-07-31 02:14:59.383407,AD_GROUP_AD,CHANGED,customers/3599116618/adGroupAds/191608756741~801953162798,customers/3599116618/campaigns/23647458423,customers/3599116618/adGroups/191608756741
2026-07-31 02:14:59.383407,AD_GROUP_AD,CHANGED,customers/3599116618/adGroupAds/191608756741~801953163017,customers/3599116618/campaigns/23647458423,customers/3599116618/adGroups/191608756741
2026-07-31 02:14:59.383407,AD_GROUP_AD,CHANGED,customers/3599116618/adGroupAds/191608756741~804120454455,customers/3599116618/campaigns/23647458423,customers/3599116618/adGroups/191608756741
2026-07-31 02:14:59.383407,AD_GROUP_AD,CHANGED,customers/3599116618/adGroupAds/195360456899~804145831839,customers/3599116618/campaigns/23647458423,customers/3599116618/adGroups/195360456899
2026-07-31 02:14:59.383407,AD_GROUP_AD,CHANGED,customers/3599116618/adGroupAds/195360456899~804145886361,customers/3599116618/campaigns/23647458423,customers/3599116618/adGroups/195360456899
2026-07-31 02:14:59.383407,AD_GROUP_AD,CHANGED,customers/3599116618/adGroupAds/195360456899~804158628714,customers/3599116618/campaigns/23647458423,customers/3599116618/adGroups/195360456899
2026-07-31 02:14:59.383407,AD_GROUP_AD,CHANGED,customers/3599116618/adGroupAds/195360456899~804259738973,customers/3599116618/campaigns/23647458423,customers/3599116618/adGroups/195360456899
2026-07-31 02:14:59.383407,AD_GROUP_AD,CHANGED,customers/3599116618/adGroupAds/194306894156~800203556773,customers/3599116618/campaigns/23653110143,customers/3599116618/adGroups/194306894156
2026-07-31 02:14:59.383407,AD_GROUP_AD,CHANGED,customers/3599116618/adGroupAds/194306894316~800203556323,customers/3599116618/campaigns/23653110143,customers/3599116618/adGroups/194306894316
2026-07-31 02:14:59.383407,AD_GROUP_AD,CHANGED,customers/3599116618/adGroupAds/197282610867~800169548376,customers/3599116618/campaigns/23657752699,customers/3599116618/adGroups/197282610867
2026-07-31 02:14:59.181887,AD_GROUP_AD,CHANGED,customers/3599116618/adGroupAds/181388156310~743959850774,customers/3599116618/campaigns/22410839902,customers/3599116618/adGroups/181388156310
2026-07-31 02:14:59.181887,AD_GROUP_AD,CHANGED,customers/3599116618/adGroupAds/181388156390~743871529597,customers/3599116618/campaigns/22410839902,customers/3599116618/adGroups/181388156390
2026-07-31 02:14:59.181887,AD_GROUP_AD,CHANGED,customers/3599116618/adGroupAds/190607842727~779037457658,customers/3599116618/campaigns/23125747679,customers/3599116618/adGroups/190607842727
2026-07-31 02:14:59.181887,AD_GROUP_AD,CHANGED,customers/3599116618/adGroupAds/190607842727~779037458306,customers/3599116618/campaigns/23125747679,customers/3599116618/adGroups/190607842727
2026-07-31 02:14:59.181887,AD_GROUP_AD,CHANGED,customers/3599116618/adGroupAds/190607842967~778911709161,customers/3599116618/campaigns/23125747679,customers/3599116618/adGroups/190607842967
2026-07-31 02:14:59.181887,AD_GROUP_AD,CHANGED,customers/3599116618/adGroupAds/189330399117~786011858525,customers/3599116618/campaigns/23288843748,customers/3599116618/adGroups/189330399117
2026-07-31 02:14:59.181887,AD_GROUP_AD,CHANGED,customers/3599116618/adGroupAds/192156576634~785370286276,customers/3599116618/campaigns/23293840553,customers/3599116618/adGroups/192156576634
2026-07-28 06:58:02.902431,CAMPAIGN,CHANGED,customers/3599116618/campaigns/21133530647,customers/3599116618/campaigns/21133530647,
2026-07-28 06:58:02.902431,CAMPAIGN,CHANGED,customers/3599116618/campaigns/21889006014,customers/3599116618/campaigns/21889006014,
2026-07-28 06:58:02.902431,CAMPAIGN,CHANGED,customers/3599116618/campaigns/23288843748,customers/3599116618/campaigns/23288843748,
2026-07-28 06:58:02.902431,CAMPAIGN,CHANGED,customers/3599116618/campaigns/23293840553,customers/3599116618/campaigns/23293840553,
2026-07-28 06:58:02.902431,CAMPAIGN,CHANGED,customers/3599116618/campaigns/23644271217,customers/3599116618/campaigns/23644271217,
2026-07-28 06:58:02.902431,CAMPAIGN,CHANGED,customers/3599116618/campaigns/23647458423,customers/3599116618/campaigns/23647458423,
2026-07-28 06:58:02.902431,CAMPAIGN,CHANGED,customers/3599116618/campaigns/23653110143,customers/3599116618/campaigns/23653110143,
2026-07-28 06:58:02.902431,CAMPAIGN,CHANGED,customers/3599116618/campaigns/23657752699,customers/3599116618/campaigns/23657752699,
2026-07-28 06:58:02.902431,CAMPAIGN,CHANGED,customers/3599116618/campaigns/24013643722,customers/3599116618/campaigns/24013643722,
2026-07-28 06:58:02.678047,CAMPAIGN,CHANGED,customers/3599116618/campaigns/17630302011,customers/3599116618/campaigns/17630302011,
2026-07-28 06:58:02.678047,CAMPAIGN,CHANGED,customers/3599116618/campaigns/17801615160,customers/3599116618/campaigns/17801615160,
2026-07-28 06:58:02.678047,CAMPAIGN,CHANGED,customers/3599116618/campaigns/18791231470,customers/3599116618/campaigns/18791231470,
2026-07-28 06:58:02.678047,CAMPAIGN,CHANGED,customers/3599116618/campaigns/20186748653,customers/3599116618/campaigns/20186748653,
2026-07-28 06:58:02.678047,CAMPAIGN,CHANGED,customers/3599116618/campaigns/20280715138,customers/3599116618/campaigns/20280715138,
2026-07-28 06:58:02.678047,CAMPAIGN,CHANGED,customers/3599116618/campaigns/20362632913,customers/3599116618/campaigns/20362632913,
2026-07-26 17:41:12.315807,AD_GROUP_CRITERION,CHANGED,customers/3599116618/adGroupCriteria/141337937031~520813754152,customers/3599116618/campaigns/17655205884,customers/3599116618/adGroups/141337937031
2026-07-26 17:41:12.315807,AD_GROUP_CRITERION,CHANGED,customers/3599116618/adGroupCriteria/142609568599~520813754152,customers/3599116618/campaigns/17820068572,customers/3599116618/adGroups/142609568599
2026-07-26 17:41:12.315807,AD_GROUP_CRITERION,CHANGED,customers/3599116618/adGroupCriteria/149134189166~520813754152,customers/3599116618/campaigns/17820068572,customers/3599116618/adGroups/149134189166
2026-07-26 17:41:12.315807,AD_GROUP_CRITERION,CHANGED,customers/3599116618/adGroupCriteria/153203976687~520813754152,customers/3599116618/campaigns/20186748653,customers/3599116618/adGroups/153203976687
2026-07-19 10:58:56.110559,AD_GROUP_CRITERION,CHANGED,customers/3599116618/adGroupCriteria/136874058205~1778100737949,customers/3599116618/campaigns/17655205884,customers/3599116618/adGroups/136874058205
2026-07-19 10:58:56.110559,AD_GROUP_CRITERION,CHANGED,customers/3599116618/adGroupCriteria/136874058205~360551933667,customers/3599116618/campaigns/17655205884,customers/3599116618/adGroups/136874058205
2026-07-19 10:58:56.110559,AD_GROUP_CRITERION,CHANGED,customers/3599116618/adGroupCriteria/141337937031~890346167708,customers/3599116618/campaigns/17655205884,customers/3599116618/adGroups/141337937031
2026-07-19 10:58:56.110559,AD_GROUP_CRITERION,CHANGED,customers/3599116618/adGroupCriteria/142609568599~568838465272,customers/3599116618/campaigns/17820068572,customers/3599116618/adGroups/142609568599
2026-07-19 10:58:56.110559,AD_GROUP_CRITERION,CHANGED,customers/3599116618/adGroupCriteria/149134189166~568838465272,customers/3599116618/campaigns/17820068572,customers/3599116618/adGroups/149134189166
2026-07-19 10:58:56.110559,AD_GROUP_CRITERION,CHANGED,customers/3599116618/adGroupCriteria/153203976687~568838465272,customers/3599116618/campaigns/20186748653,customers/3599116618/adGroups/153203976687
2026-07-19 10:08:17.804463,AD_GROUP_CRITERION,CHANGED,customers/3599116618/adGroupCriteria/151062191217~1932555128350,customers/3599116618/campaigns/20530080445,customers/3599116618/adGroups/151062191217
2026-07-12 10:35:03.309519,AD_GROUP_CRITERION,CHANGED,customers/3599116618/adGroupCriteria/141337937031~357501384675,customers/3599116618/campaigns/17655205884,customers/3599116618/adGroups/141337937031
2026-07-12 10:35:03.309519,AD_GROUP_CRITERION,CHANGED,customers/3599116618/adGroupCriteria/141337937031~381375624886,customers/3599116618/campaigns/17655205884,customers/3599116618/adGroups/141337937031
2026-07-12 10:35:03.309519,AD_GROUP_CRITERION,CHANGED,customers/3599116618/adGroupCriteria/141337937031~818109681481,customers/3599116618/campaigns/17655205884,customers/3599116618/adGroups/141337937031
2026-07-12 10:35:03.309519,AD_GROUP_CRITERION,CHANGED,customers/3599116618/adGroupCriteria/142609568599~1911974324040,customers/3599116618/campaigns/17820068572,customers/3599116618/adGroups/142609568599
2026-07-12 10:35:03.309519,AD_GROUP_CRITERION,CHANGED,customers/3599116618/adGroupCriteria/149134189166~1911974324040,customers/3599116618/campaigns/17820068572,customers/3599116618/adGroups/149134189166
2026-07-12 10:35:03.309519,AD_GROUP_CRITERION,CHANGED,customers/3599116618/adGroupCriteria/149134189166~2093888549661,customers/3599116618/campaigns/17820068572,customers/3599116618/adGroups/149134189166
2026-07-12 10:35:03.309519,AD_GROUP_CRITERION,CHANGED,customers/3599116618/adGroupCriteria/153203976687~1911974324040,customers/3599116618/campaigns/20186748653,customers/3599116618/adGroups/153203976687
2026-07-11 06:54:28.329771,CAMPAIGN,CHANGED,customers/3599116618/campaigns/23889033723,customers/3599116618/campaigns/23889033723,
2026-07-09 18:03:10.123698,AD_GROUP_AD,CHANGED,customers/3599116618/adGroupAds/195748583203~807308019993,customers/3599116618/campaigns/23807887103,customers/3599116618/adGroups/195748583203
2026-07-09 18:03:10.123698,AD_GROUP_AD,CHANGED,customers/3599116618/adGroupAds/195748583203~807327598507,customers/3599116618/campaigns/23807887103,customers/3599116618/adGroups/195748583203
2026-07-09 01:32:18.270607,AD_GROUP_CRITERION,CHANGED,customers/3599116618/adGroupCriteria/142609568599~348063672445,customers/3599116618/campaigns/17820068572,customers/3599116618/adGroups/142609568599
2026-07-09 01:32:18.270607,AD_GROUP_CRITERION,CHANGED,customers/3599116618/adGroupCriteria/142609568599~38683771,customers/3599116618/campaigns/17820068572,customers/3599116618/adGroups/142609568599
2026-07-09 01:32:18.270607,AD_GROUP_CRITERION,CHANGED,customers/3599116618/adGroupCriteria/142609568599~476587193,customers/3599116618/campaigns/17820068572,customers/3599116618/adGroups/142609568599
2026-07-09 01:32:18.270607,AD_GROUP_CRITERION,CHANGED,customers/3599116618/adGroupCriteria/142609568599~811301782,customers/3599116618/campaigns/17820068572,customers/3599116618/adGroups/142609568599
2026-07-09 01:32:18.270607,AD_GROUP_CRITERION,CHANGED,customers/3599116618/adGroupCriteria/158916156691~1932555128350,customers/3599116618/campaigns/20520258918,customers/3599116618/adGroups/158916156691
2026-07-09 01:32:18.270607,AD_GROUP_CRITERION,CHANGED,customers/3599116618/adGroupCriteria/158916156691~363740484229,customers/3599116618/campaigns/20520258918,customers/3599116618/adGroups/158916156691
2026-07-09 01:32:18.270607,AD_GROUP_CRITERION,CHANGED,customers/3599116618/adGroupCriteria/154062129540~298883683899,customers/3599116618/campaigns/20520677694,customers/3599116618/adGroups/154062129540
2026-07-08 18:31:58.980015,CAMPAIGN_BUDGET,CHANGED,customers/3599116618/campaigns/20520282363,customers/3599116618/campaigns/20520282363,