keyword_text,match_type,campaign_name,ad_group_name,campaign_id,ad_group_id,criterion_id,flag_type,flag_severity,flag_detail,impressions,clicks,cost,quality_score,ad_relevance,expected_ctr,landing_page_exp,class,bidding_mode,bidding_strategy_type,target_source,portfolio_name
automatikmonteur jobs,BROAD,EX | 25 | CH | SEARCH | LEAD | Automatikmonteur,AG | RSA | Automatikmonteur,20768068758,154000335045,368569501197,LP_BELOW_AVG,Medium,Landing Page Experience Below Avg. Route to /lp-auditor → /lp-optimizer.,851,84,119.43,7,ABOVE_AVG,ABOVE_AVG,BELOW_AVG,GENERIC,SMART,MAXIMIZE_CONVERSIONS,none,
polymechaniker schweiz,BROAD,EX | DE | DACH | SEARCH | LEAD | UMLAND TEST,STAN | HOME | BROAD,20685916051,154386686829,303240766784,HIGH_SPEND_LOW_QS,Critical,QS 4 on high-spend keyword (CHF 359.25) — CPC premium is costing materially more per click than at QS 7+.,2940,329,359.25,4,AVG,AVG,BELOW_AVG,GENERIC,SMART,MAXIMIZE_CONVERSIONS,none,
polymechaniker schweiz,BROAD,EX | DE | DACH | SEARCH | LEAD | UMLAND TEST,STAN | HOME | BROAD,20685916051,154386686829,303240766784,LP_BELOW_AVG,Medium,Landing Page Experience Below Avg. Route to /lp-auditor → /lp-optimizer.,2940,329,359.25,4,AVG,AVG,BELOW_AVG,GENERIC,SMART,MAXIMIZE_CONVERSIONS,none,
dachdecker jobs schweiz,BROAD,EX | DE | DACH | SEARCH | LEAD | UMLAND TEST,STAN | HOME | BROAD,20685916051,154386686829,304108247215,AR_BELOW_AVG,Medium,"Ad Relevance Below Avg. Route to /rsa-maker (copy); if Headline Test fails, surface pending keyword-restructurer brief (skill not yet built).",4,0,0.00,5,BELOW_AVG,AVG,AVG,GENERIC,SMART,MAXIMIZE_CONVERSIONS,none,
schreiner jobs schweiz,BROAD,EX | DE | DACH | SEARCH | LEAD | UMLAND TEST,STAN | HOME | BROAD,20685916051,154386686829,312859575540,AR_BELOW_AVG,Medium,"Ad Relevance Below Avg. Route to /rsa-maker (copy); if Headline Test fails, surface pending keyword-restructurer brief (skill not yet built).",0,0,0.00,1,BELOW_AVG,BELOW_AVG,BELOW_AVG,GENERIC,SMART,MAXIMIZE_CONVERSIONS,none,
schreiner jobs schweiz,BROAD,EX | DE | DACH | SEARCH | LEAD | UMLAND TEST,STAN | HOME | BROAD,20685916051,154386686829,312859575540,ECTR_BELOW_AVG,Medium,Expected CTR Below Avg. Route to /offer-maker + /rsa-maker once AR is Average+.,0,0,0.00,1,BELOW_AVG,BELOW_AVG,BELOW_AVG,GENERIC,SMART,MAXIMIZE_CONVERSIONS,none,
schreiner jobs schweiz,BROAD,EX | DE | DACH | SEARCH | LEAD | UMLAND TEST,STAN | HOME | BROAD,20685916051,154386686829,312859575540,LP_BELOW_AVG,Medium,Landing Page Experience Below Avg. Route to /lp-auditor → /lp-optimizer.,0,0,0.00,1,BELOW_AVG,BELOW_AVG,BELOW_AVG,GENERIC,SMART,MAXIMIZE_CONVERSIONS,none,
elektroniker jobs schweiz,BROAD,EX | DE | DACH | SEARCH | LEAD | UMLAND TEST,STAN | HOME | BROAD,20685916051,154386686829,312888247900,AR_BELOW_AVG,Medium,"Ad Relevance Below Avg. Route to /rsa-maker (copy); if Headline Test fails, surface pending keyword-restructurer brief (skill not yet built).",377,33,34.12,1,BELOW_AVG,BELOW_AVG,BELOW_AVG,GENERIC,SMART,MAXIMIZE_CONVERSIONS,none,
elektroniker jobs schweiz,BROAD,EX | DE | DACH | SEARCH | LEAD | UMLAND TEST,STAN | HOME | BROAD,20685916051,154386686829,312888247900,ECTR_BELOW_AVG,Medium,Expected CTR Below Avg. Route to /offer-maker + /rsa-maker once AR is Average+.,377,33,34.12,1,BELOW_AVG,BELOW_AVG,BELOW_AVG,GENERIC,SMART,MAXIMIZE_CONVERSIONS,none,
elektroniker jobs schweiz,BROAD,EX | DE | DACH | SEARCH | LEAD | UMLAND TEST,STAN | HOME | BROAD,20685916051,154386686829,312888247900,LP_BELOW_AVG,Medium,Landing Page Experience Below Avg. Route to /lp-auditor → /lp-optimizer.,377,33,34.12,1,BELOW_AVG,BELOW_AVG,BELOW_AVG,GENERIC,SMART,MAXIMIZE_CONVERSIONS,none,
welding jobs in switzerland,BROAD,EX | DE | DACH | SEARCH | LEAD | UMLAND TEST,STAN | HOME | BROAD,20685916051,154386686829,313032445606,AR_BELOW_AVG,Medium,"Ad Relevance Below Avg. Route to /rsa-maker (copy); if Headline Test fails, surface pending keyword-restructurer brief (skill not yet built).",0,0,0.00,5,BELOW_AVG,ABOVE_AVG,BELOW_AVG,GENERIC,SMART,MAXIMIZE_CONVERSIONS,none,
welding jobs in switzerland,BROAD,EX | DE | DACH | SEARCH | LEAD | UMLAND TEST,STAN | HOME | BROAD,20685916051,154386686829,313032445606,LP_BELOW_AVG,Medium,Landing Page Experience Below Avg. Route to /lp-auditor → /lp-optimizer.,0,0,0.00,5,BELOW_AVG,ABOVE_AVG,BELOW_AVG,GENERIC,SMART,MAXIMIZE_CONVERSIONS,none,
schweisser jobs schweiz,BROAD,EX | DE | DACH | SEARCH | LEAD | UMLAND TEST,STAN | HOME | BROAD,20685916051,154386686829,315747770388,AR_BELOW_AVG,Medium,"Ad Relevance Below Avg. Route to /rsa-maker (copy); if Headline Test fails, surface pending keyword-restructurer brief (skill not yet built).",8,0,0.00,5,BELOW_AVG,AVG,AVG,GENERIC,SMART,MAXIMIZE_CONVERSIONS,none,
construction work switzerland,BROAD,EX | DE | DACH | SEARCH | LEAD | UMLAND TEST,STAN | HOME | BROAD,20685916051,154386686829,342318178938,AR_BELOW_AVG,Medium,"Ad Relevance Below Avg. Route to /rsa-maker (copy); if Headline Test fails, surface pending keyword-restructurer brief (skill not yet built).",35,2,0.45,6,BELOW_AVG,ABOVE_AVG,AVG,GENERIC,SMART,MAXIMIZE_CONVERSIONS,none,
montage schweiz jobs,PHRASE,EX | DE | DACH | SEARCH | LEAD | UMLAND TEST,STAN | HOME | BROAD,20685916051,154386686829,357042555507,AR_BELOW_AVG,Medium,"Ad Relevance Below Avg. Route to /rsa-maker (copy); if Headline Test fails, surface pending keyword-restructurer brief (skill not yet built).",0,0,0.00,6,BELOW_AVG,ABOVE_AVG,AVG,GENERIC,SMART,MAXIMIZE_CONVERSIONS,none,
automatiker jobs schweiz,BROAD,EX | DE | DACH | SEARCH | LEAD | UMLAND TEST,STAN | HOME | BROAD,20685916051,154386686829,449720661295,AR_BELOW_AVG,Medium,"Ad Relevance Below Avg. Route to /rsa-maker (copy); if Headline Test fails, surface pending keyword-restructurer brief (skill not yet built).",2,1,2.75,5,BELOW_AVG,ABOVE_AVG,BELOW_AVG,GENERIC,SMART,MAXIMIZE_CONVERSIONS,none,
automatiker jobs schweiz,BROAD,EX | DE | DACH | SEARCH | LEAD | UMLAND TEST,STAN | HOME | BROAD,20685916051,154386686829,449720661295,LP_BELOW_AVG,Medium,Landing Page Experience Below Avg. Route to /lp-auditor → /lp-optimizer.,2,1,2.75,5,BELOW_AVG,ABOVE_AVG,BELOW_AVG,GENERIC,SMART,MAXIMIZE_CONVERSIONS,none,
maurer schweiz,BROAD,EX | DE | DACH | SEARCH | LEAD | UMLAND TEST,STAN | HOME | BROAD,20685916051,154386686829,506114805752,LP_BELOW_AVG,Medium,Landing Page Experience Below Avg. Route to /lp-auditor → /lp-optimizer.,0,0,0.00,4,AVG,AVG,BELOW_AVG,GENERIC,SMART,MAXIMIZE_CONVERSIONS,none,
trockenbauer jobs schweiz,BROAD,EX | DE | DACH | SEARCH | LEAD | UMLAND TEST,STAN | HOME | BROAD,20685916051,154386686829,576617117712,AR_BELOW_AVG,Medium,"Ad Relevance Below Avg. Route to /rsa-maker (copy); if Headline Test fails, surface pending keyword-restructurer brief (skill not yet built).",1,0,0.00,3,BELOW_AVG,AVG,BELOW_AVG,GENERIC,SMART,MAXIMIZE_CONVERSIONS,none,
trockenbauer jobs schweiz,BROAD,EX | DE | DACH | SEARCH | LEAD | UMLAND TEST,STAN | HOME | BROAD,20685916051,154386686829,576617117712,LP_BELOW_AVG,Medium,Landing Page Experience Below Avg. Route to /lp-auditor → /lp-optimizer.,1,0,0.00,3,BELOW_AVG,AVG,BELOW_AVG,GENERIC,SMART,MAXIMIZE_CONVERSIONS,none,
schweisser jobs schweiz,PHRASE,EX | DE | DACH | SEARCH | LEAD | UMLAND TEST,STAN | HOME | BROAD,20685916051,154386686829,719863578150,AR_BELOW_AVG,Medium,"Ad Relevance Below Avg. Route to /rsa-maker (copy); if Headline Test fails, surface pending keyword-restructurer brief (skill not yet built).",0,0,0.00,5,BELOW_AVG,AVG,AVG,GENERIC,SMART,MAXIMIZE_CONVERSIONS,none,
polymechaniker stellen,PHRASE,EX | 25 | CH | SEARCH | LEAD | Polymechaniker,AG | RSA | Polymechaniker,20702215351,154917284156,306903066904,LP_BELOW_AVG,Medium,Landing Page Experience Below Avg. Route to /lp-auditor → /lp-optimizer.,16,2,2.97,5,ABOVE_AVG,AVG,BELOW_AVG,GENERIC,SMART,MAXIMIZE_CONVERSIONS,none,
schweißer arbeit,BROAD,EX | 25 | CH | SEARCH | LEAD | Schweisser,AG | RSA | Schweisser,20691357994,155384660552,296631707400,LP_BELOW_AVG,Medium,Landing Page Experience Below Avg. Route to /lp-auditor → /lp-optimizer.,1325,123,165.20,5,ABOVE_AVG,AVG,BELOW_AVG,GENERIC,SMART,MAXIMIZE_CONVERSIONS,none,
schweisser job schweiz,BROAD,EX | 25 | CH | SEARCH | LEAD | Schweisser,AG | RSA | Schweisser,20691357994,155384660552,315747770348,LP_BELOW_AVG,Medium,Landing Page Experience Below Avg. Route to /lp-auditor → /lp-optimizer.,477,45,54.41,6,AVG,ABOVE_AVG,BELOW_AVG,GENERIC,SMART,MAXIMIZE_CONVERSIONS,none,
schweißer jobs in der nähe,EXACT,EX | 25 | CH | SEARCH | LEAD | Schweisser,AG | RSA | Schweisser,20691357994,155384660552,1169839126538,LP_BELOW_AVG,Medium,Landing Page Experience Below Avg. Route to /lp-auditor → /lp-optimizer.,7,3,4.06,6,AVG,ABOVE_AVG,BELOW_AVG,GENERIC,SMART,MAXIMIZE_CONVERSIONS,none,
jobs produktionsmechaniker,BROAD,EX | 25 | CH | SEARCH | LEAD | Produktionsmechaniker,AG | RSA | Produktionsmechaniker,20707086616,156511338642,314482536683,LP_BELOW_AVG,Medium,Landing Page Experience Below Avg. Route to /lp-auditor → /lp-optimizer.,581,43,47.85,7,ABOVE_AVG,ABOVE_AVG,BELOW_AVG,GENERIC,SMART,MAXIMIZE_CONVERSIONS,none,
Produktionsmechaniker jobs,BROAD,EX | 25 | CH | SEARCH | LEAD | Produktionsmechaniker,AG | RSA | Produktionsmechaniker,20707086616,156511338642,349193614476,LP_BELOW_AVG,Medium,Landing Page Experience Below Avg. Route to /lp-auditor → /lp-optimizer.,732,21,19.05,5,ABOVE_AVG,AVG,BELOW_AVG,GENERIC,SMART,MAXIMIZE_CONVERSIONS,none,
Produktionsmechaniker stellen,BROAD,EX | 25 | CH | SEARCH | LEAD | Produktionsmechaniker,AG | RSA | Produktionsmechaniker,20707086616,156511338642,405390857242,LP_BELOW_AVG,Medium,Landing Page Experience Below Avg. Route to /lp-auditor → /lp-optimizer.,396,20,16.87,5,ABOVE_AVG,AVG,BELOW_AVG,GENERIC,SMART,MAXIMIZE_CONVERSIONS,none,
produktionsmechaniker efz,EXACT,EX | 25 | CH | SEARCH | LEAD | Produktionsmechaniker,AG | RSA | Produktionsmechaniker,20707086616,156511338642,1313788095767,LP_BELOW_AVG,Medium,Landing Page Experience Below Avg. Route to /lp-auditor → /lp-optimizer.,2,0,0.00,5,ABOVE_AVG,AVG,BELOW_AVG,GENERIC,SMART,MAXIMIZE_CONVERSIONS,none,
produktionsmechaniker jobs zürich,BROAD,EX | 25 | CH | SEARCH | LEAD | Produktionsmechaniker,AG | RSA | Produktionsmechaniker,20707086616,156511338642,2231074493478,LP_BELOW_AVG,Medium,Landing Page Experience Below Avg. Route to /lp-auditor → /lp-optimizer.,1,1,0.82,7,ABOVE_AVG,ABOVE_AVG,BELOW_AVG,GENERIC,SMART,MAXIMIZE_CONVERSIONS,none,
maurer gesucht,PHRASE,EX | 26 | CH | SEARCH | LEAD | Maurer,AG | RSA | Maurer,23478250789,189117549302,4730694794,LP_BELOW_AVG,Medium,Landing Page Experience Below Avg. Route to /lp-auditor → /lp-optimizer.,44,3,6.15,5,ABOVE_AVG,AVG,BELOW_AVG,GENERIC,SMART,MAXIMIZE_CONVERSIONS,none,
jobs maurer,PHRASE,EX | 26 | CH | SEARCH | LEAD | Maurer,AG | RSA | Maurer,23478250789,189117549302,303040627186,LP_BELOW_AVG,Medium,Landing Page Experience Below Avg. Route to /lp-auditor → /lp-optimizer.,1,0,0.00,5,ABOVE_AVG,AVG,BELOW_AVG,GENERIC,SMART,MAXIMIZE_CONVERSIONS,none,
maurer jobs bern,EXACT,EX | 26 | CH | SEARCH | LEAD | Maurer,AG | RSA | Maurer,23478250789,189117549302,325350739840,LP_BELOW_AVG,Medium,Landing Page Experience Below Avg. Route to /lp-auditor → /lp-optimizer.,7,0,0.00,4,AVG,AVG,BELOW_AVG,GENERIC,SMART,MAXIMIZE_CONVERSIONS,none,
maurer jobs zürich,PHRASE,EX | 26 | CH | SEARCH | LEAD | Maurer,AG | RSA | Maurer,23478250789,189117549302,326459354854,LP_BELOW_AVG,Medium,Landing Page Experience Below Avg. Route to /lp-auditor → /lp-optimizer.,2,0,0.00,7,ABOVE_AVG,ABOVE_AVG,BELOW_AVG,GENERIC,SMART,MAXIMIZE_CONVERSIONS,none,
maurer offene stellen,PHRASE,EX | 26 | CH | SEARCH | LEAD | Maurer,AG | RSA | Maurer,23478250789,189117549302,436687795640,ECTR_BELOW_AVG,Medium,Expected CTR Below Avg. Route to /offer-maker + /rsa-maker once AR is Average+.,81,15,20.96,3,ABOVE_AVG,BELOW_AVG,BELOW_AVG,GENERIC,SMART,MAXIMIZE_CONVERSIONS,none,
maurer offene stellen,PHRASE,EX | 26 | CH | SEARCH | LEAD | Maurer,AG | RSA | Maurer,23478250789,189117549302,436687795640,LP_BELOW_AVG,Medium,Landing Page Experience Below Avg. Route to /lp-auditor → /lp-optimizer.,81,15,20.96,3,ABOVE_AVG,BELOW_AVG,BELOW_AVG,GENERIC,SMART,MAXIMIZE_CONVERSIONS,none,
maurer jobs aargau,PHRASE,EX | 26 | CH | SEARCH | LEAD | Maurer,AG | RSA | Maurer,23478250789,189117549302,485123639699,ECTR_BELOW_AVG,Medium,Expected CTR Below Avg. Route to /offer-maker + /rsa-maker once AR is Average+.,0,0,0.00,2,AVG,BELOW_AVG,BELOW_AVG,GENERIC,SMART,MAXIMIZE_CONVERSIONS,none,
maurer jobs aargau,PHRASE,EX | 26 | CH | SEARCH | LEAD | Maurer,AG | RSA | Maurer,23478250789,189117549302,485123639699,LP_BELOW_AVG,Medium,Landing Page Experience Below Avg. Route to /lp-auditor → /lp-optimizer.,0,0,0.00,2,AVG,BELOW_AVG,BELOW_AVG,GENERIC,SMART,MAXIMIZE_CONVERSIONS,none,
offerte lavoro muratore vitto alloggio svizzera,PHRASE,EX | 26 | CH | SEARCH | LEAD | Maurer,AG | RSA | Maurer,23478250789,189117549302,753218508900,AR_BELOW_AVG,Medium,"Ad Relevance Below Avg. Route to /rsa-maker (copy); if Headline Test fails, surface pending keyword-restructurer brief (skill not yet built).",1,1,0.44,5,BELOW_AVG,ABOVE_AVG,BELOW_AVG,GENERIC,SMART,MAXIMIZE_CONVERSIONS,none,
offerte lavoro muratore vitto alloggio svizzera,PHRASE,EX | 26 | CH | SEARCH | LEAD | Maurer,AG | RSA | Maurer,23478250789,189117549302,753218508900,LP_BELOW_AVG,Medium,Landing Page Experience Below Avg. Route to /lp-auditor → /lp-optimizer.,1,1,0.44,5,BELOW_AVG,ABOVE_AVG,BELOW_AVG,GENERIC,SMART,MAXIMIZE_CONVERSIONS,none,
maurer efz,EXACT,EX | 26 | CH | SEARCH | LEAD | Maurer,AG | RSA | Maurer,23478250789,189117549302,1188250874304,LP_BELOW_AVG,Medium,Landing Page Experience Below Avg. Route to /lp-auditor → /lp-optimizer.,0,0,0.00,5,ABOVE_AVG,AVG,BELOW_AVG,GENERIC,SMART,MAXIMIZE_CONVERSIONS,none,
sanitärinstallateur offene stellen,EXACT,EX | 25 | CH | SEARCH | LEAD | Sanitärinstallateur,AG | RSA | Sanitärinstallateur,15210620323,190557736766,23399998325,LP_BELOW_AVG,Medium,Landing Page Experience Below Avg. Route to /lp-auditor → /lp-optimizer.,1,0,0.00,6,AVG,ABOVE_AVG,BELOW_AVG,GENERIC,SMART,MAXIMIZE_CONVERSIONS,none,
sanitärinstallateur jobs,BROAD,EX | 25 | CH | SEARCH | LEAD | Sanitärinstallateur,AG | RSA | Sanitärinstallateur,15210620323,190557736766,313395867110,LP_BELOW_AVG,Medium,Landing Page Experience Below Avg. Route to /lp-auditor → /lp-optimizer.,378,34,61.02,5,ABOVE_AVG,AVG,BELOW_AVG,GENERIC,SMART,MAXIMIZE_CONVERSIONS,none,
sanitär stellen,PHRASE,EX | 25 | CH | SEARCH | LEAD | Sanitärinstallateur,AG | RSA | Sanitärinstallateur,15210620323,190557736766,314700652225,ECTR_BELOW_AVG,Medium,Expected CTR Below Avg. Route to /offer-maker + /rsa-maker once AR is Average+.,50,1,0.76,3,ABOVE_AVG,BELOW_AVG,BELOW_AVG,GENERIC,SMART,MAXIMIZE_CONVERSIONS,none,
sanitär stellen,PHRASE,EX | 25 | CH | SEARCH | LEAD | Sanitärinstallateur,AG | RSA | Sanitärinstallateur,15210620323,190557736766,314700652225,LP_BELOW_AVG,Medium,Landing Page Experience Below Avg. Route to /lp-auditor → /lp-optimizer.,50,1,0.76,3,ABOVE_AVG,BELOW_AVG,BELOW_AVG,GENERIC,SMART,MAXIMIZE_CONVERSIONS,none,
sanitärinstallateur offene stellen,PHRASE,EX | 25 | CH | SEARCH | LEAD | Sanitärinstallateur,AG | RSA | Sanitärinstallateur,15210620323,190557736766,327020830076,LP_BELOW_AVG,Medium,Landing Page Experience Below Avg. Route to /lp-auditor → /lp-optimizer.,116,7,11.56,6,AVG,ABOVE_AVG,BELOW_AVG,GENERIC,SMART,MAXIMIZE_CONVERSIONS,none,
sanitärinstallateur efz,BROAD,EX | 25 | CH | SEARCH | LEAD | Sanitärinstallateur,AG | RSA | Sanitärinstallateur,15210620323,190557736766,346622172633,LP_BELOW_AVG,Medium,Landing Page Experience Below Avg. Route to /lp-auditor → /lp-optimizer.,1,0,0.00,5,ABOVE_AVG,AVG,BELOW_AVG,GENERIC,SMART,MAXIMIZE_CONVERSIONS,none,
sanitär offene stellen,EXACT,EX | 25 | CH | SEARCH | LEAD | Sanitärinstallateur,AG | RSA | Sanitärinstallateur,15210620323,190557736766,377642057436,LP_BELOW_AVG,Medium,Landing Page Experience Below Avg. Route to /lp-auditor → /lp-optimizer.,27,1,0.77,4,AVG,AVG,BELOW_AVG,GENERIC,SMART,MAXIMIZE_CONVERSIONS,none,
sanitärinstallateur jobs,PHRASE,EX | 25 | CH | SEARCH | LEAD | Sanitärinstallateur,AG | RSA | Sanitärinstallateur,15210620323,190557736766,426119976601,LP_BELOW_AVG,Medium,Landing Page Experience Below Avg. Route to /lp-auditor → /lp-optimizer.,8,0,0.00,5,ABOVE_AVG,AVG,BELOW_AVG,GENERIC,SMART,MAXIMIZE_CONVERSIONS,none,
sanitär jobs luzern,PHRASE,EX | 25 | CH | SEARCH | LEAD | Sanitärinstallateur,AG | RSA | Sanitärinstallateur,15210620323,190557736766,748407943828,LP_BELOW_AVG,Medium,Landing Page Experience Below Avg. Route to /lp-auditor → /lp-optimizer.,7,0,0.00,4,AVG,AVG,BELOW_AVG,GENERIC,SMART,MAXIMIZE_CONVERSIONS,none,
sanitär stellen zürich,PHRASE,EX | 25 | CH | SEARCH | LEAD | Sanitärinstallateur,AG | RSA | Sanitärinstallateur,15210620323,190557736766,1463565428141,LP_BELOW_AVG,Medium,Landing Page Experience Below Avg. Route to /lp-auditor → /lp-optimizer.,20,2,3.64,7,ABOVE_AVG,ABOVE_AVG,BELOW_AVG,GENERIC,SMART,MAXIMIZE_CONVERSIONS,none,
Sanitärinstallateur temporär,PHRASE,EX | 25 | CH | SEARCH | LEAD | Sanitärinstallateur,AG | RSA | Sanitärinstallateur,15210620323,190557736766,2310212252332,LP_BELOW_AVG,Medium,Landing Page Experience Below Avg. Route to /lp-auditor → /lp-optimizer.,36,8,13.47,7,ABOVE_AVG,ABOVE_AVG,BELOW_AVG,GENERIC,SMART,MAXIMIZE_CONVERSIONS,none,
elektroinstallateur jobs,BROAD,EX | 26 | CH | SEARCH | LEAD | Elektroinstallateur,AG | RSA | Elektroinstallateur,23369525700,190690911095,298491329911,LP_BELOW_AVG,Medium,Landing Page Experience Below Avg. Route to /lp-auditor → /lp-optimizer.,659,50,93.31,5,ABOVE_AVG,AVG,BELOW_AVG,GENERIC,SMART,MAXIMIZE_CONVERSIONS,none,
electrician jobs switzerland,EXACT,EX | 26 | CH | SEARCH | LEAD | Elektroinstallateur,AG | RSA | Elektroinstallateur,23369525700,190690911095,1066748893805,AR_BELOW_AVG,Medium,"Ad Relevance Below Avg. Route to /rsa-maker (copy); if Headline Test fails, surface pending keyword-restructurer brief (skill not yet built).",3,0,0.00,5,BELOW_AVG,ABOVE_AVG,BELOW_AVG,GENERIC,SMART,MAXIMIZE_CONVERSIONS,none,
electrician jobs switzerland,EXACT,EX | 26 | CH | SEARCH | LEAD | Elektroinstallateur,AG | RSA | Elektroinstallateur,23369525700,190690911095,1066748893805,LP_BELOW_AVG,Medium,Landing Page Experience Below Avg. Route to /lp-auditor → /lp-optimizer.,3,0,0.00,5,BELOW_AVG,ABOVE_AVG,BELOW_AVG,GENERIC,SMART,MAXIMIZE_CONVERSIONS,none,
electrician jobs switzerland,PHRASE,EX | 26 | CH | SEARCH | LEAD | Elektroinstallateur,AG | RSA | Elektroinstallateur,23369525700,190690911095,1232436323910,AR_BELOW_AVG,Medium,"Ad Relevance Below Avg. Route to /rsa-maker (copy); if Headline Test fails, surface pending keyword-restructurer brief (skill not yet built).",3,0,0.00,5,BELOW_AVG,ABOVE_AVG,BELOW_AVG,GENERIC,SMART,MAXIMIZE_CONVERSIONS,none,
electrician jobs switzerland,PHRASE,EX | 26 | CH | SEARCH | LEAD | Elektroinstallateur,AG | RSA | Elektroinstallateur,23369525700,190690911095,1232436323910,LP_BELOW_AVG,Medium,Landing Page Experience Below Avg. Route to /lp-auditor → /lp-optimizer.,3,0,0.00,5,BELOW_AVG,ABOVE_AVG,BELOW_AVG,GENERIC,SMART,MAXIMIZE_CONVERSIONS,none,
elektroniker temporär,EXACT,EX | 26 | CH | SEARCH | LEAD | Elektroinstallateur,AG | RSA | Elektroinstallateur,23369525700,190690911095,1457116295429,LP_BELOW_AVG,Medium,Landing Page Experience Below Avg. Route to /lp-auditor → /lp-optimizer.,32,5,8.34,7,ABOVE_AVG,ABOVE_AVG,BELOW_AVG,GENERIC,SMART,MAXIMIZE_CONVERSIONS,none,
isoleur jobs,BROAD,EX | 26 | CH | SEARCH | LEAD | Abdichter,AG | RSA | Abdichter,23473547006,191108771999,305326914697,ECTR_BELOW_AVG,Medium,Expected CTR Below Avg. Route to /offer-maker + /rsa-maker once AR is Average+.,3,0,0.00,2,AVG,BELOW_AVG,BELOW_AVG,GENERIC,SMART,MAXIMIZE_CONVERSIONS,none,
isoleur jobs,BROAD,EX | 26 | CH | SEARCH | LEAD | Abdichter,AG | RSA | Abdichter,23473547006,191108771999,305326914697,LP_BELOW_AVG,Medium,Landing Page Experience Below Avg. Route to /lp-auditor → /lp-optimizer.,3,0,0.00,2,AVG,BELOW_AVG,BELOW_AVG,GENERIC,SMART,MAXIMIZE_CONVERSIONS,none,
abdichter jobs,BROAD,EX | 26 | CH | SEARCH | LEAD | Abdichter,AG | RSA | Abdichter,23473547006,191108771999,486338965163,LP_BELOW_AVG,Medium,Landing Page Experience Below Avg. Route to /lp-auditor → /lp-optimizer.,6,1,1.63,7,ABOVE_AVG,ABOVE_AVG,BELOW_AVG,GENERIC,SMART,MAXIMIZE_CONVERSIONS,none,
abdichter efz,EXACT,EX | 26 | CH | SEARCH | LEAD | Abdichter,AG | RSA | Abdichter,23473547006,191108771999,1427214547402,ECTR_BELOW_AVG,Medium,Expected CTR Below Avg. Route to /offer-maker + /rsa-maker once AR is Average+.,4,0,0.00,2,AVG,BELOW_AVG,BELOW_AVG,GENERIC,SMART,MAXIMIZE_CONVERSIONS,none,
abdichter efz,EXACT,EX | 26 | CH | SEARCH | LEAD | Abdichter,AG | RSA | Abdichter,23473547006,191108771999,1427214547402,LP_BELOW_AVG,Medium,Landing Page Experience Below Avg. Route to /lp-auditor → /lp-optimizer.,4,0,0.00,2,AVG,BELOW_AVG,BELOW_AVG,GENERIC,SMART,MAXIMIZE_CONVERSIONS,none,
stellenangebote dachdecker,BROAD,EX | 26 | CH | SEARCH | LEAD | Dachdecker,AG | RSA | Dachdecker,6496821254,191152991225,825828175,ECTR_BELOW_AVG,Medium,Expected CTR Below Avg. Route to /offer-maker + /rsa-maker once AR is Average+.,153,6,4.16,3,ABOVE_AVG,BELOW_AVG,BELOW_AVG,GENERIC,SMART,MAXIMIZE_CONVERSIONS,none,
stellenangebote dachdecker,BROAD,EX | 26 | CH | SEARCH | LEAD | Dachdecker,AG | RSA | Dachdecker,6496821254,191152991225,825828175,LP_BELOW_AVG,Medium,Landing Page Experience Below Avg. Route to /lp-auditor → /lp-optimizer.,153,6,4.16,3,ABOVE_AVG,BELOW_AVG,BELOW_AVG,GENERIC,SMART,MAXIMIZE_CONVERSIONS,none,
dachdecker jobs,PHRASE,EX | 26 | CH | SEARCH | LEAD | Dachdecker,AG | RSA | Dachdecker,6496821254,191152991225,4771722986,ECTR_BELOW_AVG,Medium,Expected CTR Below Avg. Route to /offer-maker + /rsa-maker once AR is Average+.,76,6,6.31,3,ABOVE_AVG,BELOW_AVG,BELOW_AVG,GENERIC,SMART,MAXIMIZE_CONVERSIONS,none,
dachdecker jobs,PHRASE,EX | 26 | CH | SEARCH | LEAD | Dachdecker,AG | RSA | Dachdecker,6496821254,191152991225,4771722986,LP_BELOW_AVG,Medium,Landing Page Experience Below Avg. Route to /lp-auditor → /lp-optimizer.,76,6,6.31,3,ABOVE_AVG,BELOW_AVG,BELOW_AVG,GENERIC,SMART,MAXIMIZE_CONVERSIONS,none,
dachdecker jobs zürich,EXACT,EX | 26 | CH | SEARCH | LEAD | Dachdecker,AG | RSA | Dachdecker,6496821254,191152991225,356909859580,LP_BELOW_AVG,Medium,Landing Page Experience Below Avg. Route to /lp-auditor → /lp-optimizer.,7,0,0.00,6,AVG,ABOVE_AVG,BELOW_AVG,GENERIC,SMART,MAXIMIZE_CONVERSIONS,none,
dachdecker flachdach jobs,PHRASE,EX | 26 | CH | SEARCH | LEAD | Dachdecker,AG | RSA | Dachdecker,6496821254,191152991225,668053509543,AR_BELOW_AVG,Medium,"Ad Relevance Below Avg. Route to /rsa-maker (copy); if Headline Test fails, surface pending keyword-restructurer brief (skill not yet built).",1,0,0.00,3,BELOW_AVG,AVG,BELOW_AVG,GENERIC,SMART,MAXIMIZE_CONVERSIONS,none,
dachdecker flachdach jobs,PHRASE,EX | 26 | CH | SEARCH | LEAD | Dachdecker,AG | RSA | Dachdecker,6496821254,191152991225,668053509543,LP_BELOW_AVG,Medium,Landing Page Experience Below Avg. Route to /lp-auditor → /lp-optimizer.,1,0,0.00,3,BELOW_AVG,AVG,BELOW_AVG,GENERIC,SMART,MAXIMIZE_CONVERSIONS,none,
dachdecker efz,EXACT,EX | 26 | CH | SEARCH | LEAD | Dachdecker,AG | RSA | Dachdecker,6496821254,191152991225,958142388946,LP_BELOW_AVG,Medium,Landing Page Experience Below Avg. Route to /lp-auditor → /lp-optimizer.,0,0,0.00,6,AVG,ABOVE_AVG,BELOW_AVG,GENERIC,SMART,MAXIMIZE_CONVERSIONS,none,
dachdecker arbeit suchen,PHRASE,EX | 26 | CH | SEARCH | LEAD | Dachdecker,AG | RSA | Dachdecker,6496821254,191152991225,1389846584570,LP_BELOW_AVG,Medium,Landing Page Experience Below Avg. Route to /lp-auditor → /lp-optimizer.,29,4,6.57,6,AVG,ABOVE_AVG,BELOW_AVG,GENERIC,SMART,MAXIMIZE_CONVERSIONS,none,
offene stellen Dachdecker,BROAD,EX | 26 | CH | SEARCH | LEAD | Dachdecker,AG | RSA | Dachdecker,6496821254,191152991225,2462033038214,ECTR_BELOW_AVG,Medium,Expected CTR Below Avg. Route to /offer-maker + /rsa-maker once AR is Average+.,89,7,4.17,3,ABOVE_AVG,BELOW_AVG,BELOW_AVG,GENERIC,SMART,MAXIMIZE_CONVERSIONS,none,
offene stellen Dachdecker,BROAD,EX | 26 | CH | SEARCH | LEAD | Dachdecker,AG | RSA | Dachdecker,6496821254,191152991225,2462033038214,LP_BELOW_AVG,Medium,Landing Page Experience Below Avg. Route to /lp-auditor → /lp-optimizer.,89,7,4.17,3,ABOVE_AVG,BELOW_AVG,BELOW_AVG,GENERIC,SMART,MAXIMIZE_CONVERSIONS,none,
metallbauer stellenangebote,BROAD,EX | 25 | CH | SEARCH | LEAD | Metallbauer,AG | RSA | Metallbauer KW Testing,15347327648,191429218741,304628771918,LP_BELOW_AVG,Medium,Landing Page Experience Below Avg. Route to /lp-auditor → /lp-optimizer.,243,28,47.73,5,ABOVE_AVG,AVG,BELOW_AVG,GENERIC,SMART,MAXIMIZE_CONVERSIONS,none,
metallbauer jobs,EXACT,EX | 25 | CH | SEARCH | LEAD | Metallbauer,AG | RSA | Metallbauer KW Testing,15347327648,191429218741,352943952127,ECTR_BELOW_AVG,Medium,Expected CTR Below Avg. Route to /offer-maker + /rsa-maker once AR is Average+.,6,1,0.67,3,ABOVE_AVG,BELOW_AVG,BELOW_AVG,GENERIC,SMART,MAXIMIZE_CONVERSIONS,none,
metallbauer jobs,EXACT,EX | 25 | CH | SEARCH | LEAD | Metallbauer,AG | RSA | Metallbauer KW Testing,15347327648,191429218741,352943952127,LP_BELOW_AVG,Medium,Landing Page Experience Below Avg. Route to /lp-auditor → /lp-optimizer.,6,1,0.67,3,ABOVE_AVG,BELOW_AVG,BELOW_AVG,GENERIC,SMART,MAXIMIZE_CONVERSIONS,none,
arbeit metallbau,PHRASE,EX | 25 | CH | SEARCH | LEAD | Metallbauer,AG | RSA | Metallbauer KW Testing,15347327648,191429218741,355904095337,AR_BELOW_AVG,Medium,"Ad Relevance Below Avg. Route to /rsa-maker (copy); if Headline Test fails, surface pending keyword-restructurer brief (skill not yet built).",0,0,0.00,5,BELOW_AVG,ABOVE_AVG,BELOW_AVG,GENERIC,SMART,MAXIMIZE_CONVERSIONS,none,
arbeit metallbau,PHRASE,EX | 25 | CH | SEARCH | LEAD | Metallbauer,AG | RSA | Metallbauer KW Testing,15347327648,191429218741,355904095337,LP_BELOW_AVG,Medium,Landing Page Experience Below Avg. Route to /lp-auditor → /lp-optimizer.,0,0,0.00,5,BELOW_AVG,ABOVE_AVG,BELOW_AVG,GENERIC,SMART,MAXIMIZE_CONVERSIONS,none,
jobs metallbau,PHRASE,EX | 25 | CH | SEARCH | LEAD | Metallbauer,AG | RSA | Metallbauer KW Testing,15347327648,191429218741,362047562554,LP_BELOW_AVG,Medium,Landing Page Experience Below Avg. Route to /lp-auditor → /lp-optimizer.,69,7,17.65,5,ABOVE_AVG,AVG,BELOW_AVG,GENERIC,SMART,MAXIMIZE_CONVERSIONS,none,
metallbau monteur,EXACT,EX | 25 | CH | SEARCH | LEAD | Metallbauer,AG | RSA | Metallbauer KW Testing,15347327648,191429218741,387240862734,LP_BELOW_AVG,Medium,Landing Page Experience Below Avg. Route to /lp-auditor → /lp-optimizer.,2,0,0.00,5,ABOVE_AVG,AVG,BELOW_AVG,GENERIC,SMART,MAXIMIZE_CONVERSIONS,none,
metallbauer efz,EXACT,EX | 25 | CH | SEARCH | LEAD | Metallbauer,AG | RSA | Metallbauer KW Testing,15347327648,191429218741,1463525312540,ECTR_BELOW_AVG,Medium,Expected CTR Below Avg. Route to /offer-maker + /rsa-maker once AR is Average+.,2,0,0.00,3,ABOVE_AVG,BELOW_AVG,BELOW_AVG,GENERIC,SMART,MAXIMIZE_CONVERSIONS,none,
metallbauer efz,EXACT,EX | 25 | CH | SEARCH | LEAD | Metallbauer,AG | RSA | Metallbauer KW Testing,15347327648,191429218741,1463525312540,LP_BELOW_AVG,Medium,Landing Page Experience Below Avg. Route to /lp-auditor → /lp-optimizer.,2,0,0.00,3,ABOVE_AVG,BELOW_AVG,BELOW_AVG,GENERIC,SMART,MAXIMIZE_CONVERSIONS,none,
metallbau jobs in der nähe,EXACT,EX | 25 | CH | SEARCH | LEAD | Metallbauer,AG | RSA | Metallbauer KW Testing,15347327648,191429218741,1608995248032,AR_BELOW_AVG,Medium,"Ad Relevance Below Avg. Route to /rsa-maker (copy); if Headline Test fails, surface pending keyword-restructurer brief (skill not yet built).",4,2,2.88,3,BELOW_AVG,AVG,BELOW_AVG,GENERIC,SMART,MAXIMIZE_CONVERSIONS,none,
metallbau jobs in der nähe,EXACT,EX | 25 | CH | SEARCH | LEAD | Metallbauer,AG | RSA | Metallbauer KW Testing,15347327648,191429218741,1608995248032,LP_BELOW_AVG,Medium,Landing Page Experience Below Avg. Route to /lp-auditor → /lp-optimizer.,4,2,2.88,3,BELOW_AVG,AVG,BELOW_AVG,GENERIC,SMART,MAXIMIZE_CONVERSIONS,none,
stahl arbeit,PHRASE,EX | 25 | CH | SEARCH | LEAD | Metallbauer,AG | RSA | Metallbauer KW Testing,15347327648,191429218741,2324174647864,ECTR_BELOW_AVG,Medium,Expected CTR Below Avg. Route to /offer-maker + /rsa-maker once AR is Average+.,0,0,0.00,3,ABOVE_AVG,BELOW_AVG,BELOW_AVG,GENERIC,SMART,MAXIMIZE_CONVERSIONS,none,
stahl arbeit,PHRASE,EX | 25 | CH | SEARCH | LEAD | Metallbauer,AG | RSA | Metallbauer KW Testing,15347327648,191429218741,2324174647864,LP_BELOW_AVG,Medium,Landing Page Experience Below Avg. Route to /lp-auditor → /lp-optimizer.,0,0,0.00,3,ABOVE_AVG,BELOW_AVG,BELOW_AVG,GENERIC,SMART,MAXIMIZE_CONVERSIONS,none,
zimmermann jobs,BROAD,EX | 25 | CH | SEARCH | LEAD | Zimmermann,AG | RSA | Zimmermann,23468591016,191553934309,302323622056,LP_BELOW_AVG,Medium,Landing Page Experience Below Avg. Route to /lp-auditor → /lp-optimizer.,248,27,40.99,7,ABOVE_AVG,ABOVE_AVG,BELOW_AVG,GENERIC,SMART,MAXIMIZE_CONVERSIONS,none,
zimmermann arbeit,BROAD,EX | 25 | CH | SEARCH | LEAD | Zimmermann,AG | RSA | Zimmermann,23468591016,191553934309,303575974490,ECTR_BELOW_AVG,Medium,Expected CTR Below Avg. Route to /offer-maker + /rsa-maker once AR is Average+.,279,31,44.73,3,ABOVE_AVG,BELOW_AVG,BELOW_AVG,GENERIC,SMART,MAXIMIZE_CONVERSIONS,none,
zimmermann arbeit,BROAD,EX | 25 | CH | SEARCH | LEAD | Zimmermann,AG | RSA | Zimmermann,23468591016,191553934309,303575974490,LP_BELOW_AVG,Medium,Landing Page Experience Below Avg. Route to /lp-auditor → /lp-optimizer.,279,31,44.73,3,ABOVE_AVG,BELOW_AVG,BELOW_AVG,GENERIC,SMART,MAXIMIZE_CONVERSIONS,none,
zimmermann stellen,BROAD,EX | 25 | CH | SEARCH | LEAD | Zimmermann,AG | RSA | Zimmermann,23468591016,191553934309,370943126124,LP_BELOW_AVG,Medium,Landing Page Experience Below Avg. Route to /lp-auditor → /lp-optimizer.,0,0,0.00,5,ABOVE_AVG,AVG,BELOW_AVG,GENERIC,SMART,MAXIMIZE_CONVERSIONS,none,
job als zimmermann,PHRASE,EX | 25 | CH | SEARCH | LEAD | Zimmermann,AG | RSA | Zimmermann,23468591016,191553934309,423073931757,LP_BELOW_AVG,Medium,Landing Page Experience Below Avg. Route to /lp-auditor → /lp-optimizer.,0,0,0.00,4,AVG,AVG,BELOW_AVG,GENERIC,SMART,MAXIMIZE_CONVERSIONS,none,
cnc fräser jobs,PHRASE,EX | 25 | CH | SEARCH | LEAD | Polymechaniker,AG | RSA | Polymechaniker | KW Testing,20702215351,191651580382,304435562818,LP_BELOW_AVG,Medium,Landing Page Experience Below Avg. Route to /lp-auditor → /lp-optimizer.,1,0,0.00,5,ABOVE_AVG,AVG,BELOW_AVG,GENERIC,SMART,MAXIMIZE_CONVERSIONS,none,
job polymechaniker,PHRASE,EX | 25 | CH | SEARCH | LEAD | Polymechaniker,AG | RSA | Polymechaniker | KW Testing,20702215351,191651580382,307384036218,LP_BELOW_AVG,Medium,Landing Page Experience Below Avg. Route to /lp-auditor → /lp-optimizer.,82,7,13.89,5,ABOVE_AVG,AVG,BELOW_AVG,GENERIC,SMART,MAXIMIZE_CONVERSIONS,none,
polymechaniker jobs schweiz,PHRASE,EX | 25 | CH | SEARCH | LEAD | Polymechaniker,AG | RSA | Polymechaniker | KW Testing,20702215351,191651580382,307788425175,AR_BELOW_AVG,Medium,"Ad Relevance Below Avg. Route to /rsa-maker (copy); if Headline Test fails, surface pending keyword-restructurer brief (skill not yet built).",28,1,1.05,3,BELOW_AVG,AVG,BELOW_AVG,GENERIC,SMART,MAXIMIZE_CONVERSIONS,none,
polymechaniker jobs schweiz,PHRASE,EX | 25 | CH | SEARCH | LEAD | Polymechaniker,AG | RSA | Polymechaniker | KW Testing,20702215351,191651580382,307788425175,LP_BELOW_AVG,Medium,Landing Page Experience Below Avg. Route to /lp-auditor → /lp-optimizer.,28,1,1.05,3,BELOW_AVG,AVG,BELOW_AVG,GENERIC,SMART,MAXIMIZE_CONVERSIONS,none,
polymechaniker montage jobs,EXACT,EX | 25 | CH | SEARCH | LEAD | Polymechaniker,AG | RSA | Polymechaniker | KW Testing,20702215351,191651580382,308156916617,LP_BELOW_AVG,Medium,Landing Page Experience Below Avg. Route to /lp-auditor → /lp-optimizer.,5,1,2.80,5,ABOVE_AVG,AVG,BELOW_AVG,GENERIC,SMART,MAXIMIZE_CONVERSIONS,none,
cnc dreher jobs,PHRASE,EX | 25 | CH | SEARCH | LEAD | Polymechaniker,AG | RSA | Polymechaniker | KW Testing,20702215351,191651580382,312018690395,LP_BELOW_AVG,Medium,Landing Page Experience Below Avg. Route to /lp-auditor → /lp-optimizer.,1,1,1.24,5,ABOVE_AVG,AVG,BELOW_AVG,GENERIC,SMART,MAXIMIZE_CONVERSIONS,none,
cnc mechaniker,PHRASE,EX | 25 | CH | SEARCH | LEAD | Polymechaniker,AG | RSA | Polymechaniker | KW Testing,20702215351,191651580382,312018691155,ECTR_BELOW_AVG,Medium,Expected CTR Below Avg. Route to /offer-maker + /rsa-maker once AR is Average+.,11,0,0.00,3,ABOVE_AVG,BELOW_AVG,BELOW_AVG,GENERIC,SMART,MAXIMIZE_CONVERSIONS,none,
cnc mechaniker,PHRASE,EX | 25 | CH | SEARCH | LEAD | Polymechaniker,AG | RSA | Polymechaniker | KW Testing,20702215351,191651580382,312018691155,LP_BELOW_AVG,Medium,Landing Page Experience Below Avg. Route to /lp-auditor → /lp-optimizer.,11,0,0.00,3,ABOVE_AVG,BELOW_AVG,BELOW_AVG,GENERIC,SMART,MAXIMIZE_CONVERSIONS,none,
polymechaniker offene stellen,EXACT,EX | 25 | CH | SEARCH | LEAD | Polymechaniker,AG | RSA | Polymechaniker | KW Testing,20702215351,191651580382,334991226894,LP_BELOW_AVG,Medium,Landing Page Experience Below Avg. Route to /lp-auditor → /lp-optimizer.,58,2,3.13,5,ABOVE_AVG,AVG,BELOW_AVG,GENERIC,SMART,MAXIMIZE_CONVERSIONS,none,
polymechaniker basel,PHRASE,EX | 25 | CH | SEARCH | LEAD | Polymechaniker,AG | RSA | Polymechaniker | KW Testing,20702215351,191651580382,354015075080,LP_BELOW_AVG,Medium,Landing Page Experience Below Avg. Route to /lp-auditor → /lp-optimizer.,6,2,5.95,5,ABOVE_AVG,AVG,BELOW_AVG,GENERIC,SMART,MAXIMIZE_CONVERSIONS,none,
cnc mechaniker jobs,PHRASE,EX | 25 | CH | SEARCH | LEAD | Polymechaniker,AG | RSA | Polymechaniker | KW Testing,20702215351,191651580382,358184835242,LP_BELOW_AVG,Medium,Landing Page Experience Below Avg. Route to /lp-auditor → /lp-optimizer.,34,3,5.70,5,ABOVE_AVG,AVG,BELOW_AVG,GENERIC,SMART,MAXIMIZE_CONVERSIONS,none,
polymechaniker cnc,PHRASE,EX | 25 | CH | SEARCH | LEAD | Polymechaniker,AG | RSA | Polymechaniker | KW Testing,20702215351,191651580382,470415828660,LP_BELOW_AVG,Medium,Landing Page Experience Below Avg. Route to /lp-auditor → /lp-optimizer.,5,0,0.00,5,ABOVE_AVG,AVG,BELOW_AVG,GENERIC,SMART,MAXIMIZE_CONVERSIONS,none,
polymechaniker aargau,PHRASE,EX | 25 | CH | SEARCH | LEAD | Polymechaniker,AG | RSA | Polymechaniker | KW Testing,20702215351,191651580382,666802741349,ECTR_BELOW_AVG,Medium,Expected CTR Below Avg. Route to /offer-maker + /rsa-maker once AR is Average+.,4,0,0.00,3,ABOVE_AVG,BELOW_AVG,BELOW_AVG,GENERIC,SMART,MAXIMIZE_CONVERSIONS,none,
polymechaniker aargau,PHRASE,EX | 25 | CH | SEARCH | LEAD | Polymechaniker,AG | RSA | Polymechaniker | KW Testing,20702215351,191651580382,666802741349,LP_BELOW_AVG,Medium,Landing Page Experience Below Avg. Route to /lp-auditor → /lp-optimizer.,4,0,0.00,3,ABOVE_AVG,BELOW_AVG,BELOW_AVG,GENERIC,SMART,MAXIMIZE_CONVERSIONS,none,
polymechaniker jobs schaffhausen,PHRASE,EX | 25 | CH | SEARCH | LEAD | Polymechaniker,AG | RSA | Polymechaniker | KW Testing,20702215351,191651580382,2470583520867,LP_BELOW_AVG,Medium,Landing Page Experience Below Avg. Route to /lp-auditor → /lp-optimizer.,2,0,0.00,5,ABOVE_AVG,AVG,BELOW_AVG,GENERIC,SMART,MAXIMIZE_CONVERSIONS,none,
fahrer jobs,BROAD,EX | 26 | CH | SEARCH | LEAD | Baumaschinenführer,AG | RSA | Baumaschinenführer,23473551299,191930702636,152416020,LP_BELOW_AVG,Medium,Landing Page Experience Below Avg. Route to /lp-auditor → /lp-optimizer.,693,70,70.09,6,AVG,ABOVE_AVG,BELOW_AVG,GENERIC,SMART,MAXIMIZE_CONVERSIONS,none,
baumaschinenführer jobs,EXACT,EX | 26 | CH | SEARCH | LEAD | Baumaschinenführer,AG | RSA | Baumaschinenführer,23473551299,191930702636,324309311478,LP_BELOW_AVG,Medium,Landing Page Experience Below Avg. Route to /lp-auditor → /lp-optimizer.,9,0,0.00,5,ABOVE_AVG,AVG,BELOW_AVG,GENERIC,SMART,MAXIMIZE_CONVERSIONS,none,
baumaschinenführer jobs in der nähe,BROAD,EX | 26 | CH | SEARCH | LEAD | Baumaschinenführer,AG | RSA | Baumaschinenführer,23473551299,191930702636,1663715971137,ECTR_BELOW_AVG,Medium,Expected CTR Below Avg. Route to /offer-maker + /rsa-maker once AR is Average+.,0,0,0.00,3,ABOVE_AVG,BELOW_AVG,BELOW_AVG,GENERIC,SMART,MAXIMIZE_CONVERSIONS,none,
baumaschinenführer jobs in der nähe,BROAD,EX | 26 | CH | SEARCH | LEAD | Baumaschinenführer,AG | RSA | Baumaschinenführer,23473551299,191930702636,1663715971137,LP_BELOW_AVG,Medium,Landing Page Experience Below Avg. Route to /lp-auditor → /lp-optimizer.,0,0,0.00,3,ABOVE_AVG,BELOW_AVG,BELOW_AVG,GENERIC,SMART,MAXIMIZE_CONVERSIONS,none,
carpenter work,PHRASE,EX | 26 | CH | SEARCH | LEAD | Montage-Schreiner,AG | RSA | Montage-Schreiner,23468574954,192099072219,248250997,ECTR_BELOW_AVG,Medium,Expected CTR Below Avg. Route to /offer-maker + /rsa-maker once AR is Average+.,1,1,0.50,3,ABOVE_AVG,BELOW_AVG,BELOW_AVG,GENERIC,SMART,MAXIMIZE_CONVERSIONS,none,
carpenter work,PHRASE,EX | 26 | CH | SEARCH | LEAD | Montage-Schreiner,AG | RSA | Montage-Schreiner,23468574954,192099072219,248250997,LP_BELOW_AVG,Medium,Landing Page Experience Below Avg. Route to /lp-auditor → /lp-optimizer.,1,1,0.50,3,ABOVE_AVG,BELOW_AVG,BELOW_AVG,GENERIC,SMART,MAXIMIZE_CONVERSIONS,none,
jobs schreiner,PHRASE,EX | 26 | CH | SEARCH | LEAD | Montage-Schreiner,AG | RSA | Montage-Schreiner,23468574954,192099072219,1588395022,LP_BELOW_AVG,Medium,Landing Page Experience Below Avg. Route to /lp-auditor → /lp-optimizer.,21,1,1.14,5,ABOVE_AVG,AVG,BELOW_AVG,GENERIC,SMART,MAXIMIZE_CONVERSIONS,none,
schreiner stellen,PHRASE,EX | 26 | CH | SEARCH | LEAD | Montage-Schreiner,AG | RSA | Montage-Schreiner,23468574954,192099072219,19998755523,ECTR_BELOW_AVG,Medium,Expected CTR Below Avg. Route to /offer-maker + /rsa-maker once AR is Average+.,43,3,3.12,3,ABOVE_AVG,BELOW_AVG,BELOW_AVG,GENERIC,SMART,MAXIMIZE_CONVERSIONS,none,
schreiner stellen,PHRASE,EX | 26 | CH | SEARCH | LEAD | Montage-Schreiner,AG | RSA | Montage-Schreiner,23468574954,192099072219,19998755523,LP_BELOW_AVG,Medium,Landing Page Experience Below Avg. Route to /lp-auditor → /lp-optimizer.,43,3,3.12,3,ABOVE_AVG,BELOW_AVG,BELOW_AVG,GENERIC,SMART,MAXIMIZE_CONVERSIONS,none,
schreiner job,PHRASE,EX | 26 | CH | SEARCH | LEAD | Montage-Schreiner,AG | RSA | Montage-Schreiner,23468574954,192099072219,297476803591,LP_BELOW_AVG,Medium,Landing Page Experience Below Avg. Route to /lp-auditor → /lp-optimizer.,17,1,3.14,5,ABOVE_AVG,AVG,BELOW_AVG,GENERIC,SMART,MAXIMIZE_CONVERSIONS,none,
schreiner offene stellen,PHRASE,EX | 26 | CH | SEARCH | LEAD | Montage-Schreiner,AG | RSA | Montage-Schreiner,23468574954,192099072219,297476803831,LP_BELOW_AVG,Medium,Landing Page Experience Below Avg. Route to /lp-auditor → /lp-optimizer.,193,22,35.62,5,ABOVE_AVG,AVG,BELOW_AVG,GENERIC,SMART,MAXIMIZE_CONVERSIONS,none,
montagemitarbeiter jobs,PHRASE,EX | 26 | CH | SEARCH | LEAD | Montage-Schreiner,AG | RSA | Montage-Schreiner,23468574954,192099072219,297806797578,LP_BELOW_AVG,Medium,Landing Page Experience Below Avg. Route to /lp-auditor → /lp-optimizer.,565,36,49.53,5,ABOVE_AVG,AVG,BELOW_AVG,GENERIC,SMART,MAXIMIZE_CONVERSIONS,none,
offene stellen montage,PHRASE,EX | 26 | CH | SEARCH | LEAD | Montage-Schreiner,AG | RSA | Montage-Schreiner,23468574954,192099072219,410587689748,LP_BELOW_AVG,Medium,Landing Page Experience Below Avg. Route to /lp-auditor → /lp-optimizer.,144,11,16.28,7,ABOVE_AVG,ABOVE_AVG,BELOW_AVG,GENERIC,SMART,MAXIMIZE_CONVERSIONS,none,
montageschreiner,EXACT,EX | 26 | CH | SEARCH | LEAD | Montage-Schreiner,AG | RSA | Montage-Schreiner,23468574954,192099072219,419071964394,LP_BELOW_AVG,Medium,Landing Page Experience Below Avg. Route to /lp-auditor → /lp-optimizer.,0,0,0.00,5,ABOVE_AVG,AVG,BELOW_AVG,GENERIC,SMART,MAXIMIZE_CONVERSIONS,none,
schreiner monteur jobs,PHRASE,EX | 26 | CH | SEARCH | LEAD | Montage-Schreiner,AG | RSA | Montage-Schreiner,23468574954,192099072219,437460696862,LP_BELOW_AVG,Medium,Landing Page Experience Below Avg. Route to /lp-auditor → /lp-optimizer.,3,0,0.00,5,ABOVE_AVG,AVG,BELOW_AVG,GENERIC,SMART,MAXIMIZE_CONVERSIONS,none,
montage schreiner,PHRASE,EX | 26 | CH | SEARCH | LEAD | Montage-Schreiner,AG | RSA | Montage-Schreiner,23468574954,192099072219,645895805501,ECTR_BELOW_AVG,Medium,Expected CTR Below Avg. Route to /offer-maker + /rsa-maker once AR is Average+.,7,2,3.39,5,ABOVE_AVG,BELOW_AVG,AVG,GENERIC,SMART,MAXIMIZE_CONVERSIONS,none,
schreiner jobs in der nähe,PHRASE,EX | 26 | CH | SEARCH | LEAD | Montage-Schreiner,AG | RSA | Montage-Schreiner,23468574954,192099072219,1462458495529,LP_BELOW_AVG,Medium,Landing Page Experience Below Avg. Route to /lp-auditor → /lp-optimizer.,1,0,0.00,7,ABOVE_AVG,ABOVE_AVG,BELOW_AVG,GENERIC,SMART,MAXIMIZE_CONVERSIONS,none,
trockenbauer,EXACT,EX | 26 | CH | SEARCH | LEAD | Trockenbauer,AG | RSA | Trockenbauer,23473633574,192620715275,921401031,ECTR_BELOW_AVG,Medium,Expected CTR Below Avg. Route to /offer-maker + /rsa-maker once AR is Average+.,34,4,12.16,3,ABOVE_AVG,BELOW_AVG,BELOW_AVG,GENERIC,SMART,MAXIMIZE_CONVERSIONS,none,
trockenbauer,EXACT,EX | 26 | CH | SEARCH | LEAD | Trockenbauer,AG | RSA | Trockenbauer,23473633574,192620715275,921401031,LP_BELOW_AVG,Medium,Landing Page Experience Below Avg. Route to /lp-auditor → /lp-optimizer.,34,4,12.16,3,ABOVE_AVG,BELOW_AVG,BELOW_AVG,GENERIC,SMART,MAXIMIZE_CONVERSIONS,none,
trockenbauer job,EXACT,EX | 26 | CH | SEARCH | LEAD | Trockenbauer,AG | RSA | Trockenbauer,23473633574,192620715275,303055946766,ECTR_BELOW_AVG,Medium,Expected CTR Below Avg. Route to /offer-maker + /rsa-maker once AR is Average+.,34,6,18.65,3,ABOVE_AVG,BELOW_AVG,BELOW_AVG,GENERIC,SMART,MAXIMIZE_CONVERSIONS,none,
trockenbauer job,EXACT,EX | 26 | CH | SEARCH | LEAD | Trockenbauer,AG | RSA | Trockenbauer,23473633574,192620715275,303055946766,LP_BELOW_AVG,Medium,Landing Page Experience Below Avg. Route to /lp-auditor → /lp-optimizer.,34,6,18.65,3,ABOVE_AVG,BELOW_AVG,BELOW_AVG,GENERIC,SMART,MAXIMIZE_CONVERSIONS,none,
trockenbau stelle,EXACT,EX | 26 | CH | SEARCH | LEAD | Trockenbauer,AG | RSA | Trockenbauer,23473633574,192620715275,420111006874,LP_BELOW_AVG,Medium,Landing Page Experience Below Avg. Route to /lp-auditor → /lp-optimizer.,0,0,0.00,5,ABOVE_AVG,AVG,BELOW_AVG,GENERIC,SMART,MAXIMIZE_CONVERSIONS,none,
trockenbauer jobs schweiz,PHRASE,EX | 26 | CH | SEARCH | LEAD | Trockenbauer,AG | RSA | Trockenbauer,23473633574,192620715275,1255054755777,LP_BELOW_AVG,Medium,Landing Page Experience Below Avg. Route to /lp-auditor → /lp-optimizer.,42,12,33.18,5,ABOVE_AVG,AVG,BELOW_AVG,GENERIC,SMART,MAXIMIZE_CONVERSIONS,none,
kranführer job,EXACT,EX | 26 | CH | SEARCH | LEAD | Kranführer,AG | RSA | Kranführer,23468568174,193352510633,302606088147,LP_BELOW_AVG,Medium,Landing Page Experience Below Avg. Route to /lp-auditor → /lp-optimizer.,9,0,0.00,5,ABOVE_AVG,AVG,BELOW_AVG,GENERIC,SMART,MAXIMIZE_CONVERSIONS,none,
kranführer jobs zürich,EXACT,EX | 26 | CH | SEARCH | LEAD | Kranführer,AG | RSA | Kranführer,23468568174,193352510633,327342289158,LP_BELOW_AVG,Medium,Landing Page Experience Below Avg. Route to /lp-auditor → /lp-optimizer.,12,1,5.73,5,ABOVE_AVG,AVG,BELOW_AVG,GENERIC,SMART,MAXIMIZE_CONVERSIONS,none,
kranführer jobs schweiz,EXACT,EX | 26 | CH | SEARCH | LEAD | Kranführer,AG | RSA | Kranführer,23468568174,193352510633,359200255116,LP_BELOW_AVG,Medium,Landing Page Experience Below Avg. Route to /lp-auditor → /lp-optimizer.,12,2,2.49,5,ABOVE_AVG,AVG,BELOW_AVG,GENERIC,SMART,MAXIMIZE_CONVERSIONS,none,
kranführer bern,EXACT,EX | 26 | CH | SEARCH | LEAD | Kranführer,AG | RSA | Kranführer,23468568174,193352510633,369247916550,LP_BELOW_AVG,Medium,Landing Page Experience Below Avg. Route to /lp-auditor → /lp-optimizer.,3,1,4.84,6,AVG,ABOVE_AVG,BELOW_AVG,GENERIC,SMART,MAXIMIZE_CONVERSIONS,none,
kranführer zürich,EXACT,EX | 26 | CH | SEARCH | LEAD | Kranführer,AG | RSA | Kranführer,23468568174,193352510633,369247916830,LP_BELOW_AVG,Medium,Landing Page Experience Below Avg. Route to /lp-auditor → /lp-optimizer.,0,0,0.00,4,AVG,AVG,BELOW_AVG,GENERIC,SMART,MAXIMIZE_CONVERSIONS,none,
jobs als kranführer,PHRASE,EX | 26 | CH | SEARCH | LEAD | Kranführer,AG | RSA | Kranführer,23468568174,193352510633,412719787167,LP_BELOW_AVG,Medium,Landing Page Experience Below Avg. Route to /lp-auditor → /lp-optimizer.,35,7,11.73,5,ABOVE_AVG,AVG,BELOW_AVG,GENERIC,SMART,MAXIMIZE_CONVERSIONS,none,
hallenkranführer jobs,PHRASE,EX | 26 | CH | SEARCH | LEAD | Kranführer,AG | RSA | Kranführer,23468568174,193352510633,2228075776985,ECTR_BELOW_AVG,Medium,Expected CTR Below Avg. Route to /offer-maker + /rsa-maker once AR is Average+.,1,0,0.00,3,ABOVE_AVG,BELOW_AVG,BELOW_AVG,GENERIC,SMART,MAXIMIZE_CONVERSIONS,none,
hallenkranführer jobs,PHRASE,EX | 26 | CH | SEARCH | LEAD | Kranführer,AG | RSA | Kranführer,23468568174,193352510633,2228075776985,LP_BELOW_AVG,Medium,Landing Page Experience Below Avg. Route to /lp-auditor → /lp-optimizer.,1,0,0.00,3,ABOVE_AVG,BELOW_AVG,BELOW_AVG,GENERIC,SMART,MAXIMIZE_CONVERSIONS,none,
jobs maler,BROAD,EX | 26 | CH | SEARCH | LEAD | Maler,AG | RSA | Maler,6503042592,193358511562,295373083586,ECTR_BELOW_AVG,Medium,Expected CTR Below Avg. Route to /offer-maker + /rsa-maker once AR is Average+.,265,15,20.96,3,ABOVE_AVG,BELOW_AVG,BELOW_AVG,GENERIC,SMART,MAXIMIZE_CONVERSIONS,none,
jobs maler,BROAD,EX | 26 | CH | SEARCH | LEAD | Maler,AG | RSA | Maler,6503042592,193358511562,295373083586,LP_BELOW_AVG,Medium,Landing Page Experience Below Avg. Route to /lp-auditor → /lp-optimizer.,265,15,20.96,3,ABOVE_AVG,BELOW_AVG,BELOW_AVG,GENERIC,SMART,MAXIMIZE_CONVERSIONS,none,
arbeit maler,BROAD,EX | 26 | CH | SEARCH | LEAD | Maler,AG | RSA | Maler,6503042592,193358511562,297337521976,LP_BELOW_AVG,Medium,Landing Page Experience Below Avg. Route to /lp-auditor → /lp-optimizer.,765,76,120.19,5,ABOVE_AVG,AVG,BELOW_AVG,GENERIC,SMART,MAXIMIZE_CONVERSIONS,none,
maler job zürich,PHRASE,EX | 26 | CH | SEARCH | LEAD | Maler,AG | RSA | Maler,6503042592,193358511562,327133999643,LP_BELOW_AVG,Medium,Landing Page Experience Below Avg. Route to /lp-auditor → /lp-optimizer.,71,11,20.06,5,ABOVE_AVG,AVG,BELOW_AVG,GENERIC,SMART,MAXIMIZE_CONVERSIONS,none,
maler jobs basel,PHRASE,EX | 26 | CH | SEARCH | LEAD | Maler,AG | RSA | Maler,6503042592,193358511562,358674935909,LP_BELOW_AVG,Medium,Landing Page Experience Below Avg. Route to /lp-auditor → /lp-optimizer.,74,5,8.18,5,ABOVE_AVG,AVG,BELOW_AVG,GENERIC,SMART,MAXIMIZE_CONVERSIONS,none,
maler gipser jobs,EXACT,EX | 26 | CH | SEARCH | LEAD | Maler,AG | RSA | Maler,6503042592,193358511562,485332785837,LP_BELOW_AVG,Medium,Landing Page Experience Below Avg. Route to /lp-auditor → /lp-optimizer.,0,0,0.00,7,ABOVE_AVG,ABOVE_AVG,BELOW_AVG,GENERIC,SMART,MAXIMIZE_CONVERSIONS,none,
maler gipser jobs,PHRASE,EX | 26 | CH | SEARCH | LEAD | Maler,AG | RSA | Maler,6503042592,193358511562,501052987324,LP_BELOW_AVG,Medium,Landing Page Experience Below Avg. Route to /lp-auditor → /lp-optimizer.,19,1,1.36,7,ABOVE_AVG,ABOVE_AVG,BELOW_AVG,GENERIC,SMART,MAXIMIZE_CONVERSIONS,none,
maler arbeit schweiz,PHRASE,EX | 26 | CH | SEARCH | LEAD | Maler,AG | RSA | Maler,6503042592,193358511562,577093092630,LP_BELOW_AVG,Medium,Landing Page Experience Below Avg. Route to /lp-auditor → /lp-optimizer.,36,2,3.21,7,ABOVE_AVG,ABOVE_AVG,BELOW_AVG,GENERIC,SMART,MAXIMIZE_CONVERSIONS,none,
maler jobs festanstellung,PHRASE,EX | 26 | CH | SEARCH | LEAD | Maler,AG | RSA | Maler,6503042592,193358511562,1254100010360,LP_BELOW_AVG,Medium,Landing Page Experience Below Avg. Route to /lp-auditor → /lp-optimizer.,11,1,0.86,5,ABOVE_AVG,AVG,BELOW_AVG,GENERIC,SMART,MAXIMIZE_CONVERSIONS,none,
maler jobs in der nähe,PHRASE,EX | 26 | CH | SEARCH | LEAD | Maler,AG | RSA | Maler,6503042592,193358511562,1409648890488,LP_BELOW_AVG,Medium,Landing Page Experience Below Avg. Route to /lp-auditor → /lp-optimizer.,18,1,0.59,7,ABOVE_AVG,ABOVE_AVG,BELOW_AVG,GENERIC,SMART,MAXIMIZE_CONVERSIONS,none,
automatiker job,BROAD,EX | 25 | CH | SEARCH | LEAD | Automatiker,AG | RSA | Automatiker,15210620317,193394861642,43624916610,LP_BELOW_AVG,Medium,Landing Page Experience Below Avg. Route to /lp-auditor → /lp-optimizer.,99,10,14.80,5,ABOVE_AVG,AVG,BELOW_AVG,GENERIC,SMART,MAXIMIZE_CONVERSIONS,none,
automatiker jobs zürich,BROAD,EX | 25 | CH | SEARCH | LEAD | Automatiker,AG | RSA | Automatiker,15210620317,193394861642,1207845613866,LP_BELOW_AVG,Medium,Landing Page Experience Below Avg. Route to /lp-auditor → /lp-optimizer.,334,17,20.20,5,ABOVE_AVG,AVG,BELOW_AVG,GENERIC,SMART,MAXIMIZE_CONVERSIONS,none,
strassenbau jobs,BROAD,EX | 26 | CH | SEARCH | LEAD | Strassenbauer,AG | RSA | Strassenbauer,23478262294,193437338762,5309773897,LP_BELOW_AVG,Medium,Landing Page Experience Below Avg. Route to /lp-auditor → /lp-optimizer.,109,14,18.78,7,ABOVE_AVG,ABOVE_AVG,BELOW_AVG,GENERIC,SMART,MAXIMIZE_CONVERSIONS,none,
strassenbau stellen,BROAD,EX | 26 | CH | SEARCH | LEAD | Strassenbauer,AG | RSA | Strassenbauer,23478262294,193437338762,11102613116,LP_BELOW_AVG,Medium,Landing Page Experience Below Avg. Route to /lp-auditor → /lp-optimizer.,374,35,49.93,6,AVG,ABOVE_AVG,BELOW_AVG,GENERIC,SMART,MAXIMIZE_CONVERSIONS,none,
offene stellen strassenbau,BROAD,EX | 26 | CH | SEARCH | LEAD | Strassenbauer,AG | RSA | Strassenbauer,23478262294,193437338762,298317240901,LP_BELOW_AVG,Medium,Landing Page Experience Below Avg. Route to /lp-auditor → /lp-optimizer.,428,45,74.65,5,ABOVE_AVG,AVG,BELOW_AVG,GENERIC,SMART,MAXIMIZE_CONVERSIONS,none,
strassenbauer jobs,BROAD,EX | 26 | CH | SEARCH | LEAD | Strassenbauer,AG | RSA | Strassenbauer,23478262294,193437338762,298317241341,LP_BELOW_AVG,Medium,Landing Page Experience Below Avg. Route to /lp-auditor → /lp-optimizer.,268,26,39.46,7,ABOVE_AVG,ABOVE_AVG,BELOW_AVG,GENERIC,SMART,MAXIMIZE_CONVERSIONS,none,
city work,PHRASE,EX | 26 | CH | SEARCH | LEAD | Strassenbauer,AG | RSA | Strassenbauer,23478262294,193437338762,318591052251,LP_BELOW_AVG,Medium,Landing Page Experience Below Avg. Route to /lp-auditor → /lp-optimizer.,1,0,0.00,4,AVG,AVG,BELOW_AVG,GENERIC,SMART,MAXIMIZE_CONVERSIONS,none,
straßenbau stellenangebote,PHRASE,EX | 26 | CH | SEARCH | LEAD | Strassenbauer,AG | RSA | Strassenbauer,23478262294,193437338762,324041043065,ECTR_BELOW_AVG,Medium,Expected CTR Below Avg. Route to /offer-maker + /rsa-maker once AR is Average+.,1,0,0.00,3,ABOVE_AVG,BELOW_AVG,BELOW_AVG,GENERIC,SMART,MAXIMIZE_CONVERSIONS,none,
straßenbau stellenangebote,PHRASE,EX | 26 | CH | SEARCH | LEAD | Strassenbauer,AG | RSA | Strassenbauer,23478262294,193437338762,324041043065,LP_BELOW_AVG,Medium,Landing Page Experience Below Avg. Route to /lp-auditor → /lp-optimizer.,1,0,0.00,3,ABOVE_AVG,BELOW_AVG,BELOW_AVG,GENERIC,SMART,MAXIMIZE_CONVERSIONS,none,
job als strassenbauer,EXACT,EX | 26 | CH | SEARCH | LEAD | Strassenbauer,AG | RSA | Strassenbauer,23478262294,193437338762,359065875338,LP_BELOW_AVG,Medium,Landing Page Experience Below Avg. Route to /lp-auditor → /lp-optimizer.,2,1,1.46,7,ABOVE_AVG,ABOVE_AVG,BELOW_AVG,GENERIC,SMART,MAXIMIZE_CONVERSIONS,none,
strassenbauer efz,EXACT,EX | 26 | CH | SEARCH | LEAD | Strassenbauer,AG | RSA | Strassenbauer,23478262294,193437338762,887518821049,LP_BELOW_AVG,Medium,Landing Page Experience Below Avg. Route to /lp-auditor → /lp-optimizer.,2,0,0.00,5,ABOVE_AVG,AVG,BELOW_AVG,GENERIC,SMART,MAXIMIZE_CONVERSIONS,none,
strassenbauer jobs schweiz,PHRASE,EX | 26 | CH | SEARCH | LEAD | Strassenbauer,AG | RSA | Strassenbauer,23478262294,193437338762,1720220764245,LP_BELOW_AVG,Medium,Landing Page Experience Below Avg. Route to /lp-auditor → /lp-optimizer.,0,0,0.00,7,ABOVE_AVG,ABOVE_AVG,BELOW_AVG,GENERIC,SMART,MAXIMIZE_CONVERSIONS,none,
Adecco,BROAD,EX | 26 | CH | SEARCH | LEAD | Compeditor,AG | RSA | Compeditor,23619183073,193899557756,26492691,HIGH_SPEND_LOW_QS,Critical,QS 1 on high-spend keyword (CHF 71.05) — CPC premium is costing materially more per click than at QS 7+.,807,49,71.05,1,BELOW_AVG,BELOW_AVG,BELOW_AVG,COMPETITOR,SMART,MAXIMIZE_CONVERSIONS,none,
Adecco,BROAD,EX | 26 | CH | SEARCH | LEAD | Compeditor,AG | RSA | Compeditor,23619183073,193899557756,26492691,AR_BELOW_AVG_COMPETITOR,Info,AR Below Avg on competitor-conquesting keyword — structurally expected. Do not recommend AR fixes.,807,49,71.05,1,BELOW_AVG,BELOW_AVG,BELOW_AVG,COMPETITOR,SMART,MAXIMIZE_CONVERSIONS,none,
Adecco,BROAD,EX | 26 | CH | SEARCH | LEAD | Compeditor,AG | RSA | Compeditor,23619183073,193899557756,26492691,ECTR_BELOW_AVG,Medium,Expected CTR Below Avg. Route to /offer-maker + /rsa-maker once AR is Average+.,807,49,71.05,1,BELOW_AVG,BELOW_AVG,BELOW_AVG,COMPETITOR,SMART,MAXIMIZE_CONVERSIONS,none,
Adecco,BROAD,EX | 26 | CH | SEARCH | LEAD | Compeditor,AG | RSA | Compeditor,23619183073,193899557756,26492691,LP_BELOW_AVG,Medium,Landing Page Experience Below Avg. Route to /lp-auditor → /lp-optimizer.,807,49,71.05,1,BELOW_AVG,BELOW_AVG,BELOW_AVG,COMPETITOR,SMART,MAXIMIZE_CONVERSIONS,none,
manpower,EXACT,EX | 26 | CH | SEARCH | LEAD | Compeditor,AG | RSA | Compeditor,23619183073,193899557756,101714104,AR_BELOW_AVG_COMPETITOR,Info,AR Below Avg on competitor-conquesting keyword — structurally expected. Do not recommend AR fixes.,212,14,22.34,1,BELOW_AVG,BELOW_AVG,BELOW_AVG,COMPETITOR,SMART,MAXIMIZE_CONVERSIONS,none,
manpower,EXACT,EX | 26 | CH | SEARCH | LEAD | Compeditor,AG | RSA | Compeditor,23619183073,193899557756,101714104,ECTR_BELOW_AVG,Medium,Expected CTR Below Avg. Route to /offer-maker + /rsa-maker once AR is Average+.,212,14,22.34,1,BELOW_AVG,BELOW_AVG,BELOW_AVG,COMPETITOR,SMART,MAXIMIZE_CONVERSIONS,none,
manpower,EXACT,EX | 26 | CH | SEARCH | LEAD | Compeditor,AG | RSA | Compeditor,23619183073,193899557756,101714104,LP_BELOW_AVG,Medium,Landing Page Experience Below Avg. Route to /lp-auditor → /lp-optimizer.,212,14,22.34,1,BELOW_AVG,BELOW_AVG,BELOW_AVG,COMPETITOR,SMART,MAXIMIZE_CONVERSIONS,none,
adecco jobs,BROAD,EX | 26 | CH | SEARCH | LEAD | Compeditor,AG | RSA | Compeditor,23619183073,193899557756,108946645,AR_BELOW_AVG_COMPETITOR,Info,AR Below Avg on competitor-conquesting keyword — structurally expected. Do not recommend AR fixes.,8,0,0.00,3,BELOW_AVG,AVG,BELOW_AVG,COMPETITOR,SMART,MAXIMIZE_CONVERSIONS,none,
adecco jobs,BROAD,EX | 26 | CH | SEARCH | LEAD | Compeditor,AG | RSA | Compeditor,23619183073,193899557756,108946645,LP_BELOW_AVG,Medium,Landing Page Experience Below Avg. Route to /lp-auditor → /lp-optimizer.,8,0,0.00,3,BELOW_AVG,AVG,BELOW_AVG,COMPETITOR,SMART,MAXIMIZE_CONVERSIONS,none,
Manpower jobs,BROAD,EX | 26 | CH | SEARCH | LEAD | Compeditor,AG | RSA | Compeditor,23619183073,193899557756,1373422821,AR_BELOW_AVG_COMPETITOR,Info,AR Below Avg on competitor-conquesting keyword — structurally expected. Do not recommend AR fixes.,299,19,31.87,3,BELOW_AVG,AVG,BELOW_AVG,COMPETITOR,SMART,MAXIMIZE_CONVERSIONS,none,
Manpower jobs,BROAD,EX | 26 | CH | SEARCH | LEAD | Compeditor,AG | RSA | Compeditor,23619183073,193899557756,1373422821,LP_BELOW_AVG,Medium,Landing Page Experience Below Avg. Route to /lp-auditor → /lp-optimizer.,299,19,31.87,3,BELOW_AVG,AVG,BELOW_AVG,COMPETITOR,SMART,MAXIMIZE_CONVERSIONS,none,
Indeed jobs,PHRASE,EX | 26 | CH | SEARCH | LEAD | Compeditor,AG | RSA | Compeditor,23619183073,193899557756,310185476869,AR_BELOW_AVG_COMPETITOR,Info,AR Below Avg on competitor-conquesting keyword — structurally expected. Do not recommend AR fixes.,54,14,8.85,3,BELOW_AVG,AVG,BELOW_AVG,COMPETITOR,SMART,MAXIMIZE_CONVERSIONS,none,
Indeed jobs,PHRASE,EX | 26 | CH | SEARCH | LEAD | Compeditor,AG | RSA | Compeditor,23619183073,193899557756,310185476869,LP_BELOW_AVG,Medium,Landing Page Experience Below Avg. Route to /lp-auditor → /lp-optimizer.,54,14,8.85,3,BELOW_AVG,AVG,BELOW_AVG,COMPETITOR,SMART,MAXIMIZE_CONVERSIONS,none,
Jop.ch,BROAD,EX | 26 | CH | SEARCH | LEAD | Compeditor,AG | RSA | Compeditor,23619183073,193899557756,801030903974,HIGH_SPEND_LOW_QS,Critical,QS 3 on high-spend keyword (CHF 115.65) — CPC premium is costing materially more per click than at QS 7+.,1421,93,115.65,3,BELOW_AVG,AVG,BELOW_AVG,COMPETITOR,SMART,MAXIMIZE_CONVERSIONS,none,
Jop.ch,BROAD,EX | 26 | CH | SEARCH | LEAD | Compeditor,AG | RSA | Compeditor,23619183073,193899557756,801030903974,AR_BELOW_AVG_COMPETITOR,Info,AR Below Avg on competitor-conquesting keyword — structurally expected. Do not recommend AR fixes.,1421,93,115.65,3,BELOW_AVG,AVG,BELOW_AVG,COMPETITOR,SMART,MAXIMIZE_CONVERSIONS,none,
Jop.ch,BROAD,EX | 26 | CH | SEARCH | LEAD | Compeditor,AG | RSA | Compeditor,23619183073,193899557756,801030903974,LP_BELOW_AVG,Medium,Landing Page Experience Below Avg. Route to /lp-auditor → /lp-optimizer.,1421,93,115.65,3,BELOW_AVG,AVG,BELOW_AVG,COMPETITOR,SMART,MAXIMIZE_CONVERSIONS,none,
Job24,BROAD,EX | 26 | CH | SEARCH | LEAD | Compeditor,AG | RSA | Compeditor,23619183073,193899557756,819775100802,HIGH_SPEND_LOW_QS,Critical,QS 1 on high-spend keyword (CHF 320.76) — CPC premium is costing materially more per click than at QS 7+.,3785,233,320.76,1,BELOW_AVG,BELOW_AVG,BELOW_AVG,COMPETITOR,SMART,MAXIMIZE_CONVERSIONS,none,
Job24,BROAD,EX | 26 | CH | SEARCH | LEAD | Compeditor,AG | RSA | Compeditor,23619183073,193899557756,819775100802,AR_BELOW_AVG_COMPETITOR,Info,AR Below Avg on competitor-conquesting keyword — structurally expected. Do not recommend AR fixes.,3785,233,320.76,1,BELOW_AVG,BELOW_AVG,BELOW_AVG,COMPETITOR,SMART,MAXIMIZE_CONVERSIONS,none,
Job24,BROAD,EX | 26 | CH | SEARCH | LEAD | Compeditor,AG | RSA | Compeditor,23619183073,193899557756,819775100802,ECTR_BELOW_AVG,Medium,Expected CTR Below Avg. Route to /offer-maker + /rsa-maker once AR is Average+.,3785,233,320.76,1,BELOW_AVG,BELOW_AVG,BELOW_AVG,COMPETITOR,SMART,MAXIMIZE_CONVERSIONS,none,
Job24,BROAD,EX | 26 | CH | SEARCH | LEAD | Compeditor,AG | RSA | Compeditor,23619183073,193899557756,819775100802,LP_BELOW_AVG,Medium,Landing Page Experience Below Avg. Route to /lp-auditor → /lp-optimizer.,3785,233,320.76,1,BELOW_AVG,BELOW_AVG,BELOW_AVG,COMPETITOR,SMART,MAXIMIZE_CONVERSIONS,none,
team.jobs,BROAD,EX | 26 | CH | SEARCH | LEAD | Compeditor,AG | RSA | Compeditor,23619183073,193899557756,2332015511973,AR_BELOW_AVG_COMPETITOR,Info,AR Below Avg on competitor-conquesting keyword — structurally expected. Do not recommend AR fixes.,25,0,0.00,1,BELOW_AVG,BELOW_AVG,BELOW_AVG,COMPETITOR,SMART,MAXIMIZE_CONVERSIONS,none,
team.jobs,BROAD,EX | 26 | CH | SEARCH | LEAD | Compeditor,AG | RSA | Compeditor,23619183073,193899557756,2332015511973,ECTR_BELOW_AVG,Medium,Expected CTR Below Avg. Route to /offer-maker + /rsa-maker once AR is Average+.,25,0,0.00,1,BELOW_AVG,BELOW_AVG,BELOW_AVG,COMPETITOR,SMART,MAXIMIZE_CONVERSIONS,none,
team.jobs,BROAD,EX | 26 | CH | SEARCH | LEAD | Compeditor,AG | RSA | Compeditor,23619183073,193899557756,2332015511973,LP_BELOW_AVG,Medium,Landing Page Experience Below Avg. Route to /lp-auditor → /lp-optimizer.,25,0,0.00,1,BELOW_AVG,BELOW_AVG,BELOW_AVG,COMPETITOR,SMART,MAXIMIZE_CONVERSIONS,none,
OK Job,BROAD,EX | 26 | CH | SEARCH | LEAD | Compeditor,AG | RSA | Compeditor,23619183073,193899557756,2352403714734,AR_BELOW_AVG_COMPETITOR,Info,AR Below Avg on competitor-conquesting keyword — structurally expected. Do not recommend AR fixes.,42,0,0.00,1,BELOW_AVG,BELOW_AVG,BELOW_AVG,COMPETITOR,SMART,MAXIMIZE_CONVERSIONS,none,
OK Job,BROAD,EX | 26 | CH | SEARCH | LEAD | Compeditor,AG | RSA | Compeditor,23619183073,193899557756,2352403714734,ECTR_BELOW_AVG,Medium,Expected CTR Below Avg. Route to /offer-maker + /rsa-maker once AR is Average+.,42,0,0.00,1,BELOW_AVG,BELOW_AVG,BELOW_AVG,COMPETITOR,SMART,MAXIMIZE_CONVERSIONS,none,
OK Job,BROAD,EX | 26 | CH | SEARCH | LEAD | Compeditor,AG | RSA | Compeditor,23619183073,193899557756,2352403714734,LP_BELOW_AVG,Medium,Landing Page Experience Below Avg. Route to /lp-auditor → /lp-optimizer.,42,0,0.00,1,BELOW_AVG,BELOW_AVG,BELOW_AVG,COMPETITOR,SMART,MAXIMIZE_CONVERSIONS,none,
Coople jobs,BROAD,EX | 26 | CH | SEARCH | LEAD | Compeditor,AG | RSA | Compeditor,23619183073,193899557756,2476541210334,AR_BELOW_AVG_COMPETITOR,Info,AR Below Avg on competitor-conquesting keyword — structurally expected. Do not recommend AR fixes.,152,3,3.53,5,BELOW_AVG,AVG,AVG,COMPETITOR,SMART,MAXIMIZE_CONVERSIONS,none,
heizungsmonteur jobs,BROAD,EX | 25 | CH | SEARCH | LEAD | Heizungsinstallateur,AG | RSA | Heizungsinstallateur KW Testing,23473611323,194378322893,302308455100,LP_BELOW_AVG,Medium,Landing Page Experience Below Avg. Route to /lp-auditor → /lp-optimizer.,58,5,8.45,7,ABOVE_AVG,ABOVE_AVG,BELOW_AVG,GENERIC,SMART,MAXIMIZE_CONVERSIONS,none,
servicetechniker heizung,BROAD,EX | 25 | CH | SEARCH | LEAD | Heizungsinstallateur,AG | RSA | Heizungsinstallateur KW Testing,23473611323,194378322893,308625970303,LP_BELOW_AVG,Medium,Landing Page Experience Below Avg. Route to /lp-auditor → /lp-optimizer.,3,0,0.00,4,AVG,AVG,BELOW_AVG,GENERIC,SMART,MAXIMIZE_CONVERSIONS,none,
heizung sanitär job,PHRASE,EX | 25 | CH | SEARCH | LEAD | Heizungsinstallateur,AG | RSA | Heizungsinstallateur KW Testing,23473611323,194378322893,358983154445,LP_BELOW_AVG,Medium,Landing Page Experience Below Avg. Route to /lp-auditor → /lp-optimizer.,57,4,8.22,5,ABOVE_AVG,AVG,BELOW_AVG,GENERIC,SMART,MAXIMIZE_CONVERSIONS,none,
gipser job,BROAD,EX | 25 | CH | SEARCH | LEAD | Gipser,AG | RSA | Gipser,23468556621,194724430511,303135331889,HIGH_SPEND_LOW_QS,Critical,QS 3 on high-spend keyword (CHF 86.18) — CPC premium is costing materially more per click than at QS 7+.,521,49,86.18,3,ABOVE_AVG,BELOW_AVG,BELOW_AVG,GENERIC,SMART,MAXIMIZE_CONVERSIONS,none,
gipser job,BROAD,EX | 25 | CH | SEARCH | LEAD | Gipser,AG | RSA | Gipser,23468556621,194724430511,303135331889,ECTR_BELOW_AVG,Medium,Expected CTR Below Avg. Route to /offer-maker + /rsa-maker once AR is Average+.,521,49,86.18,3,ABOVE_AVG,BELOW_AVG,BELOW_AVG,GENERIC,SMART,MAXIMIZE_CONVERSIONS,none,
gipser job,BROAD,EX | 25 | CH | SEARCH | LEAD | Gipser,AG | RSA | Gipser,23468556621,194724430511,303135331889,LP_BELOW_AVG,Medium,Landing Page Experience Below Avg. Route to /lp-auditor → /lp-optimizer.,521,49,86.18,3,ABOVE_AVG,BELOW_AVG,BELOW_AVG,GENERIC,SMART,MAXIMIZE_CONVERSIONS,none,
gipser jobs zürich,PHRASE,EX | 25 | CH | SEARCH | LEAD | Gipser,AG | RSA | Gipser,23468556621,194724430511,326258555449,LP_BELOW_AVG,Medium,Landing Page Experience Below Avg. Route to /lp-auditor → /lp-optimizer.,15,2,1.79,7,ABOVE_AVG,ABOVE_AVG,BELOW_AVG,GENERIC,SMART,MAXIMIZE_CONVERSIONS,none,
gipser offene stellen,PHRASE,EX | 25 | CH | SEARCH | LEAD | Gipser,AG | RSA | Gipser,23468556621,194724430511,328490157259,LP_BELOW_AVG,Medium,Landing Page Experience Below Avg. Route to /lp-auditor → /lp-optimizer.,168,34,58.90,5,ABOVE_AVG,AVG,BELOW_AVG,GENERIC,SMART,MAXIMIZE_CONVERSIONS,none,
gipser stelle,BROAD,EX | 25 | CH | SEARCH | LEAD | Gipser,AG | RSA | Gipser,23468556621,194724430511,360873460690,LP_BELOW_AVG,Medium,Landing Page Experience Below Avg. Route to /lp-auditor → /lp-optimizer.,235,28,42.73,5,ABOVE_AVG,AVG,BELOW_AVG,GENERIC,SMART,MAXIMIZE_CONVERSIONS,none,
gipser jobs basel,EXACT,EX | 25 | CH | SEARCH | LEAD | Gipser,AG | RSA | Gipser,23468556621,194724430511,387627578861,LP_BELOW_AVG,Medium,Landing Page Experience Below Avg. Route to /lp-auditor → /lp-optimizer.,4,1,2.11,5,ABOVE_AVG,AVG,BELOW_AVG,GENERIC,SMART,MAXIMIZE_CONVERSIONS,none,
gipser freie stellen,BROAD,EX | 25 | CH | SEARCH | LEAD | Gipser,AG | RSA | Gipser,23468556621,194724430511,496859934688,LP_BELOW_AVG,Medium,Landing Page Experience Below Avg. Route to /lp-auditor → /lp-optimizer.,740,68,120.24,5,ABOVE_AVG,AVG,BELOW_AVG,GENERIC,SMART,MAXIMIZE_CONVERSIONS,none,
gipser efz,PHRASE,EX | 25 | CH | SEARCH | LEAD | Gipser,AG | RSA | Gipser,23468556621,194724430511,1463525311900,ECTR_BELOW_AVG,Medium,Expected CTR Below Avg. Route to /offer-maker + /rsa-maker once AR is Average+.,2,0,0.00,3,ABOVE_AVG,BELOW_AVG,BELOW_AVG,GENERIC,SMART,MAXIMIZE_CONVERSIONS,none,
gipser efz,PHRASE,EX | 25 | CH | SEARCH | LEAD | Gipser,AG | RSA | Gipser,23468556621,194724430511,1463525311900,LP_BELOW_AVG,Medium,Landing Page Experience Below Avg. Route to /lp-auditor → /lp-optimizer.,2,0,0.00,3,ABOVE_AVG,BELOW_AVG,BELOW_AVG,GENERIC,SMART,MAXIMIZE_CONVERSIONS,none,
gipser temporär,PHRASE,EX | 25 | CH | SEARCH | LEAD | Gipser,AG | RSA | Gipser,23468556621,194724430511,1469632000692,LP_BELOW_AVG,Medium,Landing Page Experience Below Avg. Route to /lp-auditor → /lp-optimizer.,33,6,13.23,5,ABOVE_AVG,AVG,BELOW_AVG,GENERIC,SMART,MAXIMIZE_CONVERSIONS,none,
cnc fräser jobs,PHRASE,EX | 26 | CH | SEARCH | LEAD | Metallbaukonstrukteur,AG | RSA | Metallbaukonstukteur KW Testing,23478160315,194846353335,304435562818,LP_BELOW_AVG,Medium,Landing Page Experience Below Avg. Route to /lp-auditor → /lp-optimizer.,0,0,0.00,5,ABOVE_AVG,AVG,BELOW_AVG,GENERIC,SMART,MAXIMIZE_CONVERSIONS,none,
metallbau jobs schweiz,BROAD,EX | 26 | CH | SEARCH | LEAD | Metallbaukonstrukteur,AG | RSA | Metallbaukonstukteur KW Testing,23478160315,194846353335,312603820467,LP_BELOW_AVG,Medium,Landing Page Experience Below Avg. Route to /lp-auditor → /lp-optimizer.,245,17,21.74,7,ABOVE_AVG,ABOVE_AVG,BELOW_AVG,GENERIC,SMART,MAXIMIZE_CONVERSIONS,none,
metallbaukonstrukteur jobs,BROAD,EX | 26 | CH | SEARCH | LEAD | Metallbaukonstrukteur,AG | RSA | Metallbaukonstukteur KW Testing,23478160315,194846353335,315391350623,LP_BELOW_AVG,Medium,Landing Page Experience Below Avg. Route to /lp-auditor → /lp-optimizer.,2,0,0.00,7,ABOVE_AVG,ABOVE_AVG,BELOW_AVG,GENERIC,SMART,MAXIMIZE_CONVERSIONS,none,
cnc fräser jobs,BROAD,EX | 26 | CH | SEARCH | LEAD | Metallbaukonstrukteur,AG | RSA | Metallbaukonstukteur KW Testing,23478160315,194846353335,365166689237,LP_BELOW_AVG,Medium,Landing Page Experience Below Avg. Route to /lp-auditor → /lp-optimizer.,0,0,0.00,5,ABOVE_AVG,AVG,BELOW_AVG,GENERIC,SMART,MAXIMIZE_CONVERSIONS,none,
metallbaukonstrukteur,BROAD,EX | 26 | CH | SEARCH | LEAD | Metallbaukonstrukteur,AG | RSA | Metallbaukonstukteur KW Testing,23478160315,194846353335,509066169512,ECTR_BELOW_AVG,Medium,Expected CTR Below Avg. Route to /offer-maker + /rsa-maker once AR is Average+.,2,0,0.00,3,ABOVE_AVG,BELOW_AVG,BELOW_AVG,GENERIC,SMART,MAXIMIZE_CONVERSIONS,none,
metallbaukonstrukteur,BROAD,EX | 26 | CH | SEARCH | LEAD | Metallbaukonstrukteur,AG | RSA | Metallbaukonstukteur KW Testing,23478160315,194846353335,509066169512,LP_BELOW_AVG,Medium,Landing Page Experience Below Avg. Route to /lp-auditor → /lp-optimizer.,2,0,0.00,3,ABOVE_AVG,BELOW_AVG,BELOW_AVG,GENERIC,SMART,MAXIMIZE_CONVERSIONS,none,
jobs bau,EXACT,EX | 26 | CH | SEARCH | LEAD | Bauarbeiter,AG | RSA | Bauarbeiter,23473587776,194925305514,1210920370,LP_BELOW_AVG,Medium,Landing Page Experience Below Avg. Route to /lp-auditor → /lp-optimizer.,3,0,0.00,7,ABOVE_AVG,ABOVE_AVG,BELOW_AVG,GENERIC,SMART,MAXIMIZE_CONVERSIONS,none,
bauarbeiter jobs,BROAD,EX | 26 | CH | SEARCH | LEAD | Bauarbeiter,AG | RSA | Bauarbeiter,23473587776,194925305514,2225770507,LP_BELOW_AVG,Medium,Landing Page Experience Below Avg. Route to /lp-auditor → /lp-optimizer.,389,32,40.27,5,ABOVE_AVG,AVG,BELOW_AVG,GENERIC,SMART,MAXIMIZE_CONVERSIONS,none,
bauarbeiter jobs zürich,BROAD,EX | 26 | CH | SEARCH | LEAD | Bauarbeiter,AG | RSA | Bauarbeiter,23473587776,194925305514,304338709116,LP_BELOW_AVG,Medium,Landing Page Experience Below Avg. Route to /lp-auditor → /lp-optimizer.,113,21,30.81,5,ABOVE_AVG,AVG,BELOW_AVG,GENERIC,SMART,MAXIMIZE_CONVERSIONS,none,
hilfsarbeiter bau,BROAD,EX | 26 | CH | SEARCH | LEAD | Bauarbeiter,AG | RSA | Bauarbeiter,23473587776,194925305514,304700265831,LP_BELOW_AVG,Medium,Landing Page Experience Below Avg. Route to /lp-auditor → /lp-optimizer.,577,81,102.74,7,ABOVE_AVG,ABOVE_AVG,BELOW_AVG,GENERIC,SMART,MAXIMIZE_CONVERSIONS,none,
arbeit auf dem bau,BROAD,EX | 26 | CH | SEARCH | LEAD | Bauarbeiter,AG | RSA | Bauarbeiter,23473587776,194925305514,306467831179,AR_BELOW_AVG,Medium,"Ad Relevance Below Avg. Route to /rsa-maker (copy); if Headline Test fails, surface pending keyword-restructurer brief (skill not yet built).",86,2,0.89,6,BELOW_AVG,ABOVE_AVG,AVG,GENERIC,SMART,MAXIMIZE_CONVERSIONS,none,
baustelle job,EXACT,EX | 26 | CH | SEARCH | LEAD | Bauarbeiter,AG | RSA | Bauarbeiter,23473587776,194925305514,333330587241,LP_BELOW_AVG,Medium,Landing Page Experience Below Avg. Route to /lp-auditor → /lp-optimizer.,29,2,3.55,7,ABOVE_AVG,ABOVE_AVG,BELOW_AVG,GENERIC,SMART,MAXIMIZE_CONVERSIONS,none,
baustelle arbeit,BROAD,EX | 26 | CH | SEARCH | LEAD | Bauarbeiter,AG | RSA | Bauarbeiter,23473587776,194925305514,351539943762,LP_BELOW_AVG,Medium,Landing Page Experience Below Avg. Route to /lp-auditor → /lp-optimizer.,227,33,40.02,6,AVG,ABOVE_AVG,BELOW_AVG,GENERIC,SMART,MAXIMIZE_CONVERSIONS,none,
mitarbeiter baustelle,EXACT,EX | 26 | CH | SEARCH | LEAD | Bauarbeiter,AG | RSA | Bauarbeiter,23473587776,194925305514,665608696059,LP_BELOW_AVG,Medium,Landing Page Experience Below Avg. Route to /lp-auditor → /lp-optimizer.,7,2,3.37,4,AVG,AVG,BELOW_AVG,GENERIC,SMART,MAXIMIZE_CONVERSIONS,none,
heizungsinstallateur jobs,BROAD,EX | 25 | CH | SEARCH | LEAD | Heizungsinstallateur,AG | RSA | Heizungsinstallateur,23473611323,194933381034,314512095563,LP_BELOW_AVG,Medium,Landing Page Experience Below Avg. Route to /lp-auditor → /lp-optimizer.,671,47,81.17,5,ABOVE_AVG,AVG,BELOW_AVG,GENERIC,SMART,MAXIMIZE_CONVERSIONS,none,
heizungsinstallateur jobs zürich,BROAD,EX | 25 | CH | SEARCH | LEAD | Heizungsinstallateur,AG | RSA | Heizungsinstallateur,23473611323,194933381034,1185690159756,LP_BELOW_AVG,Medium,Landing Page Experience Below Avg. Route to /lp-auditor → /lp-optimizer.,434,48,84.18,5,ABOVE_AVG,AVG,BELOW_AVG,GENERIC,SMART,MAXIMIZE_CONVERSIONS,none,
montage elektriker jobs,BROAD,EX | 25 | CH | SEARCH | LEAD | Montage-Elektriker,AG | RSA | Montage-Elektriker,15145890855,195559356887,31829320056,LP_BELOW_AVG,Medium,Landing Page Experience Below Avg. Route to /lp-auditor → /lp-optimizer.,460,36,75.18,5,ABOVE_AVG,AVG,BELOW_AVG,GENERIC,SMART,MAXIMIZE_CONVERSIONS,none,
elektriker job,BROAD,EX | 25 | CH | SEARCH | LEAD | Montage-Elektriker,AG | RSA | Montage-Elektriker,15145890855,195559356887,300901830212,LP_BELOW_AVG,Medium,Landing Page Experience Below Avg. Route to /lp-auditor → /lp-optimizer.,45,1,0.53,7,ABOVE_AVG,ABOVE_AVG,BELOW_AVG,GENERIC,SMART,MAXIMIZE_CONVERSIONS,none,
elektriker basel,BROAD,EX | 25 | CH | SEARCH | LEAD | Montage-Elektriker,AG | RSA | Montage-Elektriker,15145890855,195559356887,313831746214,LP_BELOW_AVG,Medium,Landing Page Experience Below Avg. Route to /lp-auditor → /lp-optimizer.,2,1,0.77,5,ABOVE_AVG,AVG,BELOW_AVG,GENERIC,SMART,MAXIMIZE_CONVERSIONS,none,
montage elektriker efz,BROAD,EX | 25 | CH | SEARCH | LEAD | Montage-Elektriker,AG | RSA | Montage-Elektriker,15145890855,195559356887,349728739356,ECTR_BELOW_AVG,Medium,Expected CTR Below Avg. Route to /offer-maker + /rsa-maker once AR is Average+.,151,9,15.38,3,ABOVE_AVG,BELOW_AVG,BELOW_AVG,GENERIC,SMART,MAXIMIZE_CONVERSIONS,none,
montage elektriker efz,BROAD,EX | 25 | CH | SEARCH | LEAD | Montage-Elektriker,AG | RSA | Montage-Elektriker,15145890855,195559356887,349728739356,LP_BELOW_AVG,Medium,Landing Page Experience Below Avg. Route to /lp-auditor → /lp-optimizer.,151,9,15.38,3,ABOVE_AVG,BELOW_AVG,BELOW_AVG,GENERIC,SMART,MAXIMIZE_CONVERSIONS,none,
elektroniker efz,EXACT,EX | 25 | CH | SEARCH | LEAD | Montage-Elektriker,AG | RSA | Montage-Elektriker,15145890855,195559356887,372630950145,LP_BELOW_AVG,Medium,Landing Page Experience Below Avg. Route to /lp-auditor → /lp-optimizer.,5,0,0.00,4,AVG,AVG,BELOW_AVG,GENERIC,SMART,MAXIMIZE_CONVERSIONS,none,
montage elektriker jobs zürich,EXACT,EX | 25 | CH | SEARCH | LEAD | Montage-Elektriker,AG | RSA | Montage-Elektriker,15145890855,195559356887,389024344970,LP_BELOW_AVG,Medium,Landing Page Experience Below Avg. Route to /lp-auditor → /lp-optimizer.,0,0,0.00,5,ABOVE_AVG,AVG,BELOW_AVG,GENERIC,SMART,MAXIMIZE_CONVERSIONS,none,
montageelektriker,BROAD,EX | 25 | CH | SEARCH | LEAD | Montage-Elektriker,AG | RSA | Montage-Elektriker,15145890855,195559356887,662796260626,ECTR_BELOW_AVG,Medium,Expected CTR Below Avg. Route to /offer-maker + /rsa-maker once AR is Average+.,2,0,0.00,2,AVG,BELOW_AVG,BELOW_AVG,GENERIC,SMART,MAXIMIZE_CONVERSIONS,none,
montageelektriker,BROAD,EX | 25 | CH | SEARCH | LEAD | Montage-Elektriker,AG | RSA | Montage-Elektriker,15145890855,195559356887,662796260626,LP_BELOW_AVG,Medium,Landing Page Experience Below Avg. Route to /lp-auditor → /lp-optimizer.,2,0,0.00,2,AVG,BELOW_AVG,BELOW_AVG,GENERIC,SMART,MAXIMIZE_CONVERSIONS,none,
gerüstbauer stellenangebote,EXACT,EX | 25 | CH | SEARCH | LEAD | Gerüstbauer,AG | RSA | Gerüstbauer,23478231493,195707765470,12301935760,ECTR_BELOW_AVG,Medium,Expected CTR Below Avg. Route to /offer-maker + /rsa-maker once AR is Average+.,11,1,1.42,3,ABOVE_AVG,BELOW_AVG,BELOW_AVG,GENERIC,SMART,MAXIMIZE_CONVERSIONS,none,
gerüstbauer stellenangebote,EXACT,EX | 25 | CH | SEARCH | LEAD | Gerüstbauer,AG | RSA | Gerüstbauer,23478231493,195707765470,12301935760,LP_BELOW_AVG,Medium,Landing Page Experience Below Avg. Route to /lp-auditor → /lp-optimizer.,11,1,1.42,3,ABOVE_AVG,BELOW_AVG,BELOW_AVG,GENERIC,SMART,MAXIMIZE_CONVERSIONS,none,
gerüstbauer jobs,EXACT,EX | 25 | CH | SEARCH | LEAD | Gerüstbauer,AG | RSA | Gerüstbauer,23478231493,195707765470,12301937110,LP_BELOW_AVG,Medium,Landing Page Experience Below Avg. Route to /lp-auditor → /lp-optimizer.,29,4,8.88,5,ABOVE_AVG,AVG,BELOW_AVG,GENERIC,SMART,MAXIMIZE_CONVERSIONS,none,
gerüstbauer job,EXACT,EX | 25 | CH | SEARCH | LEAD | Gerüstbauer,AG | RSA | Gerüstbauer,23478231493,195707765470,27287116937,ECTR_BELOW_AVG,Medium,Expected CTR Below Avg. Route to /offer-maker + /rsa-maker once AR is Average+.,7,1,2.56,3,ABOVE_AVG,BELOW_AVG,BELOW_AVG,GENERIC,SMART,MAXIMIZE_CONVERSIONS,none,
gerüstbauer job,EXACT,EX | 25 | CH | SEARCH | LEAD | Gerüstbauer,AG | RSA | Gerüstbauer,23478231493,195707765470,27287116937,LP_BELOW_AVG,Medium,Landing Page Experience Below Avg. Route to /lp-auditor → /lp-optimizer.,7,1,2.56,3,ABOVE_AVG,BELOW_AVG,BELOW_AVG,GENERIC,SMART,MAXIMIZE_CONVERSIONS,none,
gerüstbauer jobs,PHRASE,EX | 25 | CH | SEARCH | LEAD | Gerüstbauer,AG | RSA | Gerüstbauer,23478231493,195707765470,307767267753,LP_BELOW_AVG,Medium,Landing Page Experience Below Avg. Route to /lp-auditor → /lp-optimizer.,48,7,19.61,5,ABOVE_AVG,AVG,BELOW_AVG,GENERIC,SMART,MAXIMIZE_CONVERSIONS,none,
stellen gerüstbau,PHRASE,EX | 25 | CH | SEARCH | LEAD | Gerüstbauer,AG | RSA | Gerüstbauer,23478231493,195707765470,470415829340,LP_BELOW_AVG,Medium,Landing Page Experience Below Avg. Route to /lp-auditor → /lp-optimizer.,81,9,20.26,5,ABOVE_AVG,AVG,BELOW_AVG,GENERIC,SMART,MAXIMIZE_CONVERSIONS,none,
gerüstbauer stelle,PHRASE,EX | 25 | CH | SEARCH | LEAD | Gerüstbauer,AG | RSA | Gerüstbauer,23478231493,195707765470,1641588936132,LP_BELOW_AVG,Medium,Landing Page Experience Below Avg. Route to /lp-auditor → /lp-optimizer.,39,8,13.23,5,ABOVE_AVG,AVG,BELOW_AVG,GENERIC,SMART,MAXIMIZE_CONVERSIONS,none,
gerüstbau zürich jobs,PHRASE,EX | 25 | CH | SEARCH | LEAD | Gerüstbauer,AG | RSA | Gerüstbauer,23478231493,195707765470,2487522744902,LP_BELOW_AVG,Medium,Landing Page Experience Below Avg. Route to /lp-auditor → /lp-optimizer.,11,1,1.73,7,ABOVE_AVG,ABOVE_AVG,BELOW_AVG,GENERIC,SMART,MAXIMIZE_CONVERSIONS,none,
garten jobs,BROAD,EX | 25 | CH | SEARCH | LEAD | Gärtner,AG | RSA | Gärtner,23468547546,197528102051,301655667966,LP_BELOW_AVG,Medium,Landing Page Experience Below Avg. Route to /lp-auditor → /lp-optimizer.,412,27,28.19,4,AVG,AVG,BELOW_AVG,GENERIC,SMART,MAXIMIZE_CONVERSIONS,none,
job als gärtner,BROAD,EX | 25 | CH | SEARCH | LEAD | Gärtner,AG | RSA | Gärtner,23468547546,197528102051,309840000403,LP_BELOW_AVG,Medium,Landing Page Experience Below Avg. Route to /lp-auditor → /lp-optimizer.,636,81,117.84,7,ABOVE_AVG,ABOVE_AVG,BELOW_AVG,GENERIC,SMART,MAXIMIZE_CONVERSIONS,none,
gärtner jobs zürich,EXACT,EX | 25 | CH | SEARCH | LEAD | Gärtner,AG | RSA | Gärtner,23468547546,197528102051,315983469720,LP_BELOW_AVG,Medium,Landing Page Experience Below Avg. Route to /lp-auditor → /lp-optimizer.,6,0,0.00,5,ABOVE_AVG,AVG,BELOW_AVG,GENERIC,SMART,MAXIMIZE_CONVERSIONS,none,
gärtner arbeit,BROAD,EX | 25 | CH | SEARCH | LEAD | Gärtner,AG | RSA | Gärtner,23468547546,197528102051,326070154523,LP_BELOW_AVG,Medium,Landing Page Experience Below Avg. Route to /lp-auditor → /lp-optimizer.,139,13,15.31,5,ABOVE_AVG,AVG,BELOW_AVG,GENERIC,SMART,MAXIMIZE_CONVERSIONS,none,
gartenhilfe jobs,PHRASE,EX | 25 | CH | SEARCH | LEAD | Gärtner,AG | RSA | Gärtner,23468547546,197528102051,353147795246,LP_BELOW_AVG,Medium,Landing Page Experience Below Avg. Route to /lp-auditor → /lp-optimizer.,60,3,1.41,7,ABOVE_AVG,ABOVE_AVG,BELOW_AVG,GENERIC,SMART,MAXIMIZE_CONVERSIONS,none,
zierpflanzengärtner jobs,PHRASE,EX | 25 | CH | SEARCH | LEAD | Gärtner,AG | RSA | Gärtner,23468547546,197528102051,359009509824,LP_BELOW_AVG,Medium,Landing Page Experience Below Avg. Route to /lp-auditor → /lp-optimizer.,0,0,0.00,5,ABOVE_AVG,AVG,BELOW_AVG,GENERIC,SMART,MAXIMIZE_CONVERSIONS,none,
hilfsgärtner jobs,BROAD,EX | 25 | CH | SEARCH | LEAD | Gärtner,AG | RSA | Gärtner,23468547546,197528102051,362639620732,LP_BELOW_AVG,Medium,Landing Page Experience Below Avg. Route to /lp-auditor → /lp-optimizer.,200,15,19.19,5,ABOVE_AVG,AVG,BELOW_AVG,GENERIC,SMART,MAXIMIZE_CONVERSIONS,none,
gartenbauhelfer jobs,PHRASE,EX | 25 | CH | SEARCH | LEAD | Gärtner,AG | RSA | Gärtner,23468547546,197528102051,383696322644,AR_BELOW_AVG,Medium,"Ad Relevance Below Avg. Route to /rsa-maker (copy); if Headline Test fails, surface pending keyword-restructurer brief (skill not yet built).",0,0,0.00,1,BELOW_AVG,BELOW_AVG,BELOW_AVG,GENERIC,SMART,MAXIMIZE_CONVERSIONS,none,
gartenbauhelfer jobs,PHRASE,EX | 25 | CH | SEARCH | LEAD | Gärtner,AG | RSA | Gärtner,23468547546,197528102051,383696322644,ECTR_BELOW_AVG,Medium,Expected CTR Below Avg. Route to /offer-maker + /rsa-maker once AR is Average+.,0,0,0.00,1,BELOW_AVG,BELOW_AVG,BELOW_AVG,GENERIC,SMART,MAXIMIZE_CONVERSIONS,none,
gartenbauhelfer jobs,PHRASE,EX | 25 | CH | SEARCH | LEAD | Gärtner,AG | RSA | Gärtner,23468547546,197528102051,383696322644,LP_BELOW_AVG,Medium,Landing Page Experience Below Avg. Route to /lp-auditor → /lp-optimizer.,0,0,0.00,1,BELOW_AVG,BELOW_AVG,BELOW_AVG,GENERIC,SMART,MAXIMIZE_CONVERSIONS,none,
gärtner stellen basel,EXACT,EX | 25 | CH | SEARCH | LEAD | Gärtner,AG | RSA | Gärtner,23468547546,197528102051,514943179108,LP_BELOW_AVG,Medium,Landing Page Experience Below Avg. Route to /lp-auditor → /lp-optimizer.,42,1,1.64,5,ABOVE_AVG,AVG,BELOW_AVG,GENERIC,SMART,MAXIMIZE_CONVERSIONS,none,
gärtner job in der nähe,EXACT,EX | 25 | CH | SEARCH | LEAD | Gärtner,AG | RSA | Gärtner,23468547546,197528102051,2565618609832,LP_BELOW_AVG,Medium,Landing Page Experience Below Avg. Route to /lp-auditor → /lp-optimizer.,1,0,0.00,7,ABOVE_AVG,ABOVE_AVG,BELOW_AVG,GENERIC,SMART,MAXIMIZE_CONVERSIONS,none,
cnc jobs,BROAD,EX | 26 | CH | SEARCH | LEAD | Metallbaukonstrukteur,AG | RSA | Metallbaukonstukteur,23478160315,198596624624,18621642,LP_BELOW_AVG,Medium,Landing Page Experience Below Avg. Route to /lp-auditor → /lp-optimizer.,48,1,0.27,5,ABOVE_AVG,AVG,BELOW_AVG,GENERIC,SMART,MAXIMIZE_CONVERSIONS,none,
,,EX | 25 | CH | SEARCH | LEAD | Brand,,1509955426,,,LOST_IS_RANK_NON_QS,Info,"Campaign has 39.4% Lost IS (rank) but weighted QS 9.97 is healthy — rank loss is NOT a QS issue. Investigate bid, ad strength, targeting, or competitive pressure. Route to /competitive-analyst or /offer-maker. Note: also losing 26.8% to budget — fix budget alongside QS.",2593,,,9.97,,,,,SMART,MAXIMIZE_CONVERSIONS,,
,,EX | 25 | CH | SEARCH | LEAD | Automatikmonteur,,20768068758,,,LOST_IS_RANK_NON_QS,Info,"Campaign has 53.8% Lost IS (rank) but weighted QS 6.62 is healthy — rank loss is NOT a QS issue. Investigate bid, ad strength, targeting, or competitive pressure. Route to /competitive-analyst or /offer-maker. Note: also losing 33.9% to budget — fix budget alongside QS.",900,,,6.62,,,,,SMART,MAXIMIZE_CONVERSIONS,,
,,EX | DE | DACH | SEARCH | LEAD | UMLAND TEST,,20685916051,,,LOST_IS_RANK_QS,High,Campaign has 78.2% Lost IS (rank) AND weighted QS 4.34 < 6. QS is dragging rank — fixing components likely recovers traffic.,5065,,,4.34,,,,,SMART,MAXIMIZE_CONVERSIONS,,
,,EX | 25 | CH | SEARCH | LEAD | Polymechaniker,,20702215351,,,LOST_IS_RANK_QS,High,Campaign has 58.1% Lost IS (rank) AND weighted QS 5.21 < 6. QS is dragging rank — fixing components likely recovers traffic. Note: also losing 23.9% to budget — fix budget alongside QS.,1550,,,5.21,,,,,SMART,MAXIMIZE_CONVERSIONS,,
,,EX | 25 | CH | SEARCH | LEAD | Schweisser,,20691357994,,,LOST_IS_RANK_QS,High,Campaign has 61.4% Lost IS (rank) AND weighted QS 5.16 < 6. QS is dragging rank — fixing components likely recovers traffic. Note: also losing 20.2% to budget — fix budget alongside QS.,1856,,,5.16,,,,,SMART,MAXIMIZE_CONVERSIONS,,
,,EX | 25 | CH | SEARCH | LEAD | Produktionsmechaniker,,20707086616,,,LOST_IS_RANK_QS,High,Campaign has 61.2% Lost IS (rank) AND weighted QS 3.42 < 6. QS is dragging rank — fixing components likely recovers traffic. Note: also losing 26.5% to budget — fix budget alongside QS.,2840,,,3.42,,,,,SMART,MAXIMIZE_CONVERSIONS,,
,,EX | 26 | CH | SEARCH | LEAD | Maurer,,23478250789,,,LOST_IS_RANK_QS,High,Campaign has 51.9% Lost IS (rank) AND weighted QS 0.76 < 6. QS is dragging rank — fixing components likely recovers traffic. Note: also losing 31.8% to budget — fix budget alongside QS.,977,,,0.76,,,,,SMART,MAXIMIZE_CONVERSIONS,,
,,EX | 25 | CH | SEARCH | LEAD | Sanitärinstallateur,,15210620323,,,LOST_IS_RANK_QS,High,Campaign has 46.3% Lost IS (rank) AND weighted QS 1.76 < 6. QS is dragging rank — fixing components likely recovers traffic. Note: also losing 32.9% to budget — fix budget alongside QS.,1888,,,1.76,,,,,SMART,MAXIMIZE_CONVERSIONS,,
,,EX | 26 | CH | SEARCH | LEAD | Elektroinstallateur,,23369525700,,,LOST_IS_RANK_QS,High,Campaign has 43.6% Lost IS (rank) AND weighted QS 1.02 < 6. QS is dragging rank — fixing components likely recovers traffic. Note: also losing 36.0% to budget — fix budget alongside QS.,4121,,,1.02,,,,,SMART,MAXIMIZE_CONVERSIONS,,
,,EX | 26 | CH | SEARCH | LEAD | Abdichter,,23473547006,,,LOST_IS_RANK_QS,High,Campaign has 50.8% Lost IS (rank) AND weighted QS 0.05 < 6. QS is dragging rank — fixing components likely recovers traffic. Note: also losing 31.6% to budget — fix budget alongside QS.,1140,,,0.05,,,,,SMART,MAXIMIZE_CONVERSIONS,,
,,EX | 26 | CH | SEARCH | LEAD | Dachdecker,,6496821254,,,LOST_IS_RANK_QS,High,Campaign has 56.2% Lost IS (rank) AND weighted QS 4.55 < 6. QS is dragging rank — fixing components likely recovers traffic. Note: also losing 26.7% to budget — fix budget alongside QS.,900,,,4.55,,,,,SMART,MAXIMIZE_CONVERSIONS,,
,,EX | 25 | CH | SEARCH | LEAD | Metallbauer,,15347327648,,,LOST_IS_RANK_QS,High,Campaign has 51.4% Lost IS (rank) AND weighted QS 0.75 < 6. QS is dragging rank — fixing components likely recovers traffic. Note: also losing 28.2% to budget — fix budget alongside QS.,2143,,,0.75,,,,,SMART,MAXIMIZE_CONVERSIONS,,
,,EX | 25 | CH | SEARCH | LEAD | Zimmermann,,23468591016,,,LOST_IS_RANK_QS,High,Campaign has 55.2% Lost IS (rank) AND weighted QS 4.05 < 6. QS is dragging rank — fixing components likely recovers traffic. Note: also losing 32.0% to budget — fix budget alongside QS.,1060,,,4.05,,,,,SMART,MAXIMIZE_CONVERSIONS,,
,,EX | 26 | CH | SEARCH | LEAD | Baumaschinenführer,,23473551299,,,LOST_IS_RANK_QS,High,Campaign has 57.0% Lost IS (rank) AND weighted QS 4.14 < 6. QS is dragging rank — fixing components likely recovers traffic. Note: also losing 24.5% to budget — fix budget alongside QS.,1016,,,4.14,,,,,SMART,MAXIMIZE_CONVERSIONS,,
,,EX | 26 | CH | SEARCH | LEAD | Montage-Schreiner,,23468574954,,,LOST_IS_RANK_QS,High,Campaign has 48.2% Lost IS (rank) AND weighted QS 4.93 < 6. QS is dragging rank — fixing components likely recovers traffic. Note: also losing 30.8% to budget — fix budget alongside QS.,1050,,,4.93,,,,,SMART,MAXIMIZE_CONVERSIONS,,
,,EX | 26 | CH | SEARCH | LEAD | Trockenbauer,,23473633574,,,LOST_IS_RANK_QS,High,Campaign has 16.4% Lost IS (rank) AND weighted QS 2.10 < 6. QS is dragging rank — fixing components likely recovers traffic. Note: also losing 32.9% to budget — fix budget alongside QS.,197,,,2.10,,,,,SMART,MAXIMIZE_CONVERSIONS,,
,,EX | 26 | CH | SEARCH | LEAD | Kranführer,,23468568174,,,LOST_IS_RANK_QS,High,Campaign has 49.0% Lost IS (rank) AND weighted QS 0.40 < 6. QS is dragging rank — fixing components likely recovers traffic. Note: also losing 35.4% to budget — fix budget alongside QS.,899,,,0.40,,,,,SMART,MAXIMIZE_CONVERSIONS,,
,,EX | 26 | CH | SEARCH | LEAD | Maler,,6503042592,,,LOST_IS_RANK_QS,High,Campaign has 53.1% Lost IS (rank) AND weighted QS 3.28 < 6. QS is dragging rank — fixing components likely recovers traffic. Note: also losing 30.3% to budget — fix budget alongside QS.,2140,,,3.28,,,,,SMART,MAXIMIZE_CONVERSIONS,,
,,EX | 25 | CH | SEARCH | LEAD | Automatiker,,15210620317,,,LOST_IS_RANK_QS,High,Campaign has 56.7% Lost IS (rank) AND weighted QS 4.13 < 6. QS is dragging rank — fixing components likely recovers traffic. Note: also losing 28.9% to budget — fix budget alongside QS.,1945,,,4.13,,,,,SMART,MAXIMIZE_CONVERSIONS,,
,,EX | 26 | CH | SEARCH | LEAD | Strassenbauer,,23478262294,,,LOST_IS_RANK_QS,High,Campaign has 52.5% Lost IS (rank) AND weighted QS 3.43 < 6. QS is dragging rank — fixing components likely recovers traffic. Note: also losing 31.8% to budget — fix budget alongside QS.,2055,,,3.43,,,,,SMART,MAXIMIZE_CONVERSIONS,,
,,EX | 26 | CH | SEARCH | LEAD | Compeditor,,23619183073,,,LOST_IS_RANK_QS,High,Campaign has 58.0% Lost IS (rank) AND weighted QS 1.52 < 6. QS is dragging rank — fixing components likely recovers traffic. Note: also losing 33.0% to budget — fix budget alongside QS.,7238,,,1.52,,,,,SMART,MAXIMIZE_CONVERSIONS,,
,,EX | 25 | CH | SEARCH | LEAD | Heizungsinstallateur,,23473611323,,,LOST_IS_RANK_QS,High,Campaign has 53.9% Lost IS (rank) AND weighted QS 2.03 < 6. QS is dragging rank — fixing components likely recovers traffic. Note: also losing 26.1% to budget — fix budget alongside QS.,3115,,,2.03,,,,,SMART,MAXIMIZE_CONVERSIONS,,
,,EX | 25 | CH | SEARCH | LEAD | Gipser,,23468556621,,,LOST_IS_RANK_QS,High,Campaign has 55.4% Lost IS (rank) AND weighted QS 3.00 < 6. QS is dragging rank — fixing components likely recovers traffic. Note: also losing 23.9% to budget — fix budget alongside QS.,2528,,,3.00,,,,,SMART,MAXIMIZE_CONVERSIONS,,
,,EX | 26 | CH | SEARCH | LEAD | Metallbaukonstrukteur,,23478160315,,,LOST_IS_RANK_QS,High,Campaign has 59.2% Lost IS (rank) AND weighted QS 2.22 < 6. QS is dragging rank — fixing components likely recovers traffic. Note: also losing 28.5% to budget — fix budget alongside QS.,890,,,2.22,,,,,SMART,MAXIMIZE_CONVERSIONS,,
,,EX | 26 | CH | SEARCH | LEAD | Bauarbeiter,,23473587776,,,LOST_IS_RANK_QS,High,Campaign has 56.8% Lost IS (rank) AND weighted QS 3.64 < 6. QS is dragging rank — fixing components likely recovers traffic. Note: also losing 21.3% to budget — fix budget alongside QS.,3023,,,3.64,,,,,SMART,MAXIMIZE_CONVERSIONS,,
,,EX | 25 | CH | SEARCH | LEAD | Montage-Elektriker,,15145890855,,,LOST_IS_RANK_QS,High,Campaign has 48.3% Lost IS (rank) AND weighted QS 4.48 < 6. QS is dragging rank — fixing components likely recovers traffic. Note: also losing 35.5% to budget — fix budget alongside QS.,1343,,,4.48,,,,,SMART,MAXIMIZE_CONVERSIONS,,
,,EX | 25 | CH | SEARCH | LEAD | Gerüstbauer,,23478231493,,,LOST_IS_RANK_QS,High,Campaign has 34.2% Lost IS (rank) AND weighted QS 3.60 < 6. QS is dragging rank — fixing components likely recovers traffic. Note: also losing 28.2% to budget — fix budget alongside QS.,310,,,3.60,,,,,SMART,MAXIMIZE_CONVERSIONS,,
,,EX | 25 | CH | SEARCH | LEAD | Gärtner,,23468547546,,,LOST_IS_RANK_QS,High,Campaign has 57.7% Lost IS (rank) AND weighted QS 4.44 < 6. QS is dragging rank — fixing components likely recovers traffic. Note: also losing 26.5% to budget — fix budget alongside QS.,1904,,,4.44,,,,,SMART,MAXIMIZE_CONVERSIONS,,
,,EX | 26 | CH | SEARCH | LEAD | Grundbauer,,23473608146,,,LOST_IS_RANK_NON_QS,Info,"Campaign has 56.1% Lost IS (rank) but weighted QS n/a is healthy — rank loss is NOT a QS issue. Investigate bid, ad strength, targeting, or competitive pressure. Route to /competitive-analyst or /offer-maker. Note: also losing 31.3% to budget — fix budget alongside QS.",2339,,,,,,,,SMART,MAXIMIZE_CONVERSIONS,,
