keyword_text,match_type,campaign_name,ad_group_name,campaign_id,ad_group_id,criterion_id,weeks_of_data,first_qs,last_qs,qs_change,qs_slope_per_week,qs_trajectory,ar_first,ar_last,ar_trajectory,ectr_first,ectr_last,ectr_trajectory,lp_first,lp_last,lp_trajectory,total_impressions,changelog_events_near
kollabo,BROAD,EX | 25 | CH | SEARCH | LEAD | Brand,Kollabo Name,1509955426,57909492917,303574768005,27,10,10,0.00,0.000,STABLE,,,INSUFFICIENT_DATA,,,INSUFFICIENT_DATA,,,INSUFFICIENT_DATA,6753,16
kolabo,BROAD,EX | 25 | CH | SEARCH | LEAD | Brand,Kollabo Name,1509955426,57909492917,377200356224,22,9,10,1.00,0.068,IMPROVING,3,3,STABLE,,,INSUFFICIENT_DATA,,,INSUFFICIENT_DATA,507,11
kollabo ag,BROAD,EX | 25 | CH | SEARCH | LEAD | Brand,Kollabo Name,1509955426,57909492917,1061773055407,27,9,10,1.00,0.034,IMPROVING,3,3,STABLE,,,INSUFFICIENT_DATA,,,INSUFFICIENT_DATA,4895,16
kollabo login,EXACT,EX | 25 | CH | SEARCH | LEAD | Brand,Kollabo Name,1509955426,57909492917,2465285297898,0,,,,,INSUFFICIENT_DATA,,,INSUFFICIENT_DATA,,,INSUFFICIENT_DATA,,,INSUFFICIENT_DATA,18,
kolabro,EXACT,EX | 25 | CH | SEARCH | LEAD | Brand,Kollabo Name,1509955426,57909492917,2436359465708,0,,,,,INSUFFICIENT_DATA,,,INSUFFICIENT_DATA,,,INSUFFICIENT_DATA,,,INSUFFICIENT_DATA,3,
collabo,BROAD,EX | 25 | CH | SEARCH | LEAD | Brand,Kollabo Name,1509955426,57909492917,309201501,6,9,9,0.00,0.000,STABLE,3,3,STABLE,,,INSUFFICIENT_DATA,,,INSUFFICIENT_DATA,78,5
kollabi,PHRASE,EX | 25 | CH | SEARCH | LEAD | Brand,Kollabo Name,1509955426,57909492917,2170970398944,0,,,,,INSUFFICIENT_DATA,,,INSUFFICIENT_DATA,,,INSUFFICIENT_DATA,,,INSUFFICIENT_DATA,17,
kollabo ag bern,PHRASE,EX | 25 | CH | SEARCH | LEAD | Brand,Kollabo Name,1509955426,57909492917,2170970399024,0,,,,,INSUFFICIENT_DATA,,,INSUFFICIENT_DATA,,,INSUFFICIENT_DATA,,,INSUFFICIENT_DATA,24,
kollabo ag jobs,PHRASE,EX | 25 | CH | SEARCH | LEAD | Brand,Kollabo Name,1509955426,57909492917,2170970399184,0,,,,,INSUFFICIENT_DATA,,,INSUFFICIENT_DATA,,,INSUFFICIENT_DATA,,,INSUFFICIENT_DATA,56,
kollabo ag zürich,PHRASE,EX | 25 | CH | SEARCH | LEAD | Brand,Kollabo Name,1509955426,57909492917,2170970399464,2,10,10,,,INSUFFICIENT_DATA,,,INSUFFICIENT_DATA,,,INSUFFICIENT_DATA,,,INSUFFICIENT_DATA,94,
kollabo basel,PHRASE,EX | 25 | CH | SEARCH | LEAD | Brand,Kollabo Name,1509955426,57909492917,2170970399664,1,10,10,,,INSUFFICIENT_DATA,,,INSUFFICIENT_DATA,,,INSUFFICIENT_DATA,,,INSUFFICIENT_DATA,45,
kollabo ch,PHRASE,EX | 25 | CH | SEARCH | LEAD | Brand,Kollabo Name,1509955426,57909492917,2170970399744,7,9,9,0.00,0.000,STABLE,3,3,STABLE,,,INSUFFICIENT_DATA,,,INSUFFICIENT_DATA,81,11
kollabo jobs,PHRASE,EX | 25 | CH | SEARCH | LEAD | Brand,Kollabo Name,1509955426,57909492917,2170970399984,5,9,10,1.00,0.200,IMPROVING,3,3,STABLE,,,INSUFFICIENT_DATA,,,INSUFFICIENT_DATA,62,11
kollabo zürich,PHRASE,EX | 25 | CH | SEARCH | LEAD | Brand,Kollabo Name,1509955426,57909492917,2170970400624,0,,,,,INSUFFICIENT_DATA,,,INSUFFICIENT_DATA,,,INSUFFICIENT_DATA,,,INSUFFICIENT_DATA,44,
kollabo ag winterthur,PHRASE,EX | 25 | CH | SEARCH | LEAD | Brand,Kollabo Name,1509955426,57909492917,2172567691666,0,,,,,INSUFFICIENT_DATA,,,INSUFFICIENT_DATA,,,INSUFFICIENT_DATA,,,INSUFFICIENT_DATA,14,
kollabo ag basel,BROAD,EX | 25 | CH | SEARCH | LEAD | Brand,Kollabo Name,1509955426,57909492917,2384214352932,3,10,10,,,INSUFFICIENT_DATA,,,INSUFFICIENT_DATA,,,INSUFFICIENT_DATA,,,INSUFFICIENT_DATA,103,
kollabo ag st gallen,PHRASE,EX | 25 | CH | SEARCH | LEAD | Brand,Kollabo Name,1509955426,57909492917,2478834240715,0,,,,,INSUFFICIENT_DATA,,,INSUFFICIENT_DATA,,,INSUFFICIENT_DATA,,,INSUFFICIENT_DATA,18,
kolaboo,EXACT,EX | 25 | CH | SEARCH | LEAD | Brand,Kollabo Name,1509955426,57909492917,425940767453,0,,,,,INSUFFICIENT_DATA,,,INSUFFICIENT_DATA,,,INSUFFICIENT_DATA,,,INSUFFICIENT_DATA,7,
stellenangebote dachdecker,BROAD,EX | 26 | CH | SEARCH | LEAD | Dachdecker,AG | RSA | Dachdecker,6496821254,191152991225,825828175,9,3,3,0.00,0.000,STABLE,,,INSUFFICIENT_DATA,2,2,STABLE,2,2,STABLE,311,16
dachdecker jobs zürich,EXACT,EX | 26 | CH | SEARCH | LEAD | Dachdecker,AG | RSA | Dachdecker,6496821254,191152991225,356909859580,0,,,,,INSUFFICIENT_DATA,,,INSUFFICIENT_DATA,,,INSUFFICIENT_DATA,,,INSUFFICIENT_DATA,44,
temporär dachdecker,BROAD,EX | 26 | CH | SEARCH | LEAD | Dachdecker,AG | RSA | Dachdecker,6496821254,191152991225,2438603311083,20,8,7,-1.00,-0.063,DECLINING,,,INSUFFICIENT_DATA,,,INSUFFICIENT_DATA,3,2,DECLINING,2659,
offene stellen Dachdecker,BROAD,EX | 26 | CH | SEARCH | LEAD | Dachdecker,AG | RSA | Dachdecker,6496821254,191152991225,2462033038214,16,5,3,-2.00,-0.082,DECLINING_SHARP,,,INSUFFICIENT_DATA,3,2,DECLINING,2,2,STABLE,599,11
arbeiter Dachdecker,BROAD,EX | 26 | CH | SEARCH | LEAD | Dachdecker,AG | RSA | Dachdecker,6496821254,191152991225,2462033038534,0,,,,,INSUFFICIENT_DATA,,,INSUFFICIENT_DATA,,,INSUFFICIENT_DATA,,,INSUFFICIENT_DATA,47,
gesucht dachdecker,BROAD,EX | 26 | CH | SEARCH | LEAD | Dachdecker,AG | RSA | Dachdecker,6496821254,191152991225,374574413906,0,,,,,INSUFFICIENT_DATA,,,INSUFFICIENT_DATA,,,INSUFFICIENT_DATA,,,INSUFFICIENT_DATA,907,
dachdecker jobs,PHRASE,EX | 26 | CH | SEARCH | LEAD | Dachdecker,AG | RSA | Dachdecker,6496821254,191152991225,4771722986,11,5,5,0.00,0.000,STABLE,,,INSUFFICIENT_DATA,3,3,STABLE,2,2,STABLE,181,16
carpenter jobs in switzerland,EXACT,EX | 26 | CH | SEARCH | LEAD | Dachdecker,AG | RSA | Dachdecker,6496821254,191152991225,364881418790,0,,,,,INSUFFICIENT_DATA,,,INSUFFICIENT_DATA,,,INSUFFICIENT_DATA,,,INSUFFICIENT_DATA,8,
dachdecker efz,EXACT,EX | 26 | CH | SEARCH | LEAD | Dachdecker,AG | RSA | Dachdecker,6496821254,191152991225,958142388946,0,,,,,INSUFFICIENT_DATA,,,INSUFFICIENT_DATA,,,INSUFFICIENT_DATA,,,INSUFFICIENT_DATA,6,
dachdecker arbeit suchen,PHRASE,EX | 26 | CH | SEARCH | LEAD | Dachdecker,AG | RSA | Dachdecker,6496821254,191152991225,1389846584570,1,6,6,,,INSUFFICIENT_DATA,,,INSUFFICIENT_DATA,,,INSUFFICIENT_DATA,,,INSUFFICIENT_DATA,252,
temporär Flachdach,BROAD,EX | 26 | CH | SEARCH | LEAD | Dachdecker,AG | RSA | Dachdecker,6496821254,191152991225,2462033038294,0,,,,,INSUFFICIENT_DATA,,,INSUFFICIENT_DATA,,,INSUFFICIENT_DATA,,,INSUFFICIENT_DATA,1,
dachdecker flachdach jobs,PHRASE,EX | 26 | CH | SEARCH | LEAD | Dachdecker,AG | RSA | Dachdecker,6496821254,191152991225,668053509543,0,,,,,INSUFFICIENT_DATA,,,INSUFFICIENT_DATA,,,INSUFFICIENT_DATA,,,INSUFFICIENT_DATA,19,
dachdeckerarbeit,PHRASE,EX | 26 | CH | SEARCH | LEAD | Dachdecker,AG | RSA | Dachdecker,6496821254,191152991225,361642294270,0,,,,,INSUFFICIENT_DATA,,,INSUFFICIENT_DATA,,,INSUFFICIENT_DATA,,,INSUFFICIENT_DATA,1,
jobs maler,BROAD,EX | 26 | CH | SEARCH | LEAD | Maler,AG | RSA | Maler,6503042592,193358511562,295373083586,27,3,3,0.00,0.051,STABLE,,,INSUFFICIENT_DATA,2,2,STABLE,2,2,STABLE,2385,16
arbeit maler,BROAD,EX | 26 | CH | SEARCH | LEAD | Maler,AG | RSA | Maler,6503042592,193358511562,297337521976,26,7,5,-2.00,-0.115,DECLINING_SHARP,,,INSUFFICIENT_DATA,3,3,STABLE,2,2,STABLE,2823,16
stelle maler,BROAD,EX | 26 | CH | SEARCH | LEAD | Maler,AG | RSA | Maler,6503042592,193358511562,303050255928,0,,,,,INSUFFICIENT_DATA,,,INSUFFICIENT_DATA,,,INSUFFICIENT_DATA,,,INSUFFICIENT_DATA,2306,
temporärbüro maler,BROAD,EX | 26 | CH | SEARCH | LEAD | Maler,AG | RSA | Maler,6503042592,193358511562,489606454027,27,7,8,1.00,0.043,IMPROVING,,,INSUFFICIENT_DATA,3,3,STABLE,3,3,STABLE,6270,16
maler job schweiz,EXACT,EX | 26 | CH | SEARCH | LEAD | Maler,AG | RSA | Maler,6503042592,193358511562,356733197182,6,5,7,2.00,0.457,IMPROVING,,,INSUFFICIENT_DATA,3,3,STABLE,2,2,STABLE,97,
maler gipser jobs,EXACT,EX | 26 | CH | SEARCH | LEAD | Maler,AG | RSA | Maler,6503042592,193358511562,485332785837,0,,,,,INSUFFICIENT_DATA,,,INSUFFICIENT_DATA,,,INSUFFICIENT_DATA,,,INSUFFICIENT_DATA,35,
maler job zürich,PHRASE,EX | 26 | CH | SEARCH | LEAD | Maler,AG | RSA | Maler,6503042592,193358511562,327133999643,14,6,5,-1.00,-0.110,DECLINING,3,3,STABLE,3,3,STABLE,3,2,DECLINING,239,11
freie stellen maler,PHRASE,EX | 26 | CH | SEARCH | LEAD | Maler,AG | RSA | Maler,6503042592,193358511562,298579994595,0,,,,,INSUFFICIENT_DATA,,,INSUFFICIENT_DATA,,,INSUFFICIENT_DATA,,,INSUFFICIENT_DATA,827,
maler job schweiz,PHRASE,EX | 26 | CH | SEARCH | LEAD | Maler,AG | RSA | Maler,6503042592,193358511562,358674935749,6,7,7,0.00,0.000,STABLE,,,INSUFFICIENT_DATA,,,INSUFFICIENT_DATA,2,2,STABLE,90,
maler jobs basel,PHRASE,EX | 26 | CH | SEARCH | LEAD | Maler,AG | RSA | Maler,6503042592,193358511562,358674935909,14,5,5,0.00,0.000,STABLE,,,INSUFFICIENT_DATA,3,3,STABLE,2,2,STABLE,265,11
maler gipser jobs,PHRASE,EX | 26 | CH | SEARCH | LEAD | Maler,AG | RSA | Maler,6503042592,193358511562,501052987324,5,6,7,1.00,0.200,IMPROVING,,,INSUFFICIENT_DATA,,,INSUFFICIENT_DATA,2,2,STABLE,52,
maler arbeit schweiz,PHRASE,EX | 26 | CH | SEARCH | LEAD | Maler,AG | RSA | Maler,6503042592,193358511562,577093092630,3,7,7,,,INSUFFICIENT_DATA,,,INSUFFICIENT_DATA,,,INSUFFICIENT_DATA,,,INSUFFICIENT_DATA,131,
maler jobs festanstellung,PHRASE,EX | 26 | CH | SEARCH | LEAD | Maler,AG | RSA | Maler,6503042592,193358511562,1254100010360,0,,,,,INSUFFICIENT_DATA,,,INSUFFICIENT_DATA,,,INSUFFICIENT_DATA,,,INSUFFICIENT_DATA,51,
maler jobs in der nähe,PHRASE,EX | 26 | CH | SEARCH | LEAD | Maler,AG | RSA | Maler,6503042592,193358511562,1409648890488,0,,,,,INSUFFICIENT_DATA,,,INSUFFICIENT_DATA,,,INSUFFICIENT_DATA,,,INSUFFICIENT_DATA,38,
elektriker job,BROAD,EX | 25 | CH | SEARCH | LEAD | Montage-Elektriker,Elektriker_1_Job,15145890855,128984363893,300901830212,0,,,,,INSUFFICIENT_DATA,,,INSUFFICIENT_DATA,,,INSUFFICIENT_DATA,,,INSUFFICIENT_DATA,0,
job als elektriker,BROAD,EX | 25 | CH | SEARCH | LEAD | Montage-Elektriker,Elektriker_1_Job,15145890855,128984363893,301804124777,0,,,,,INSUFFICIENT_DATA,,,INSUFFICIENT_DATA,,,INSUFFICIENT_DATA,,,INSUFFICIENT_DATA,0,
elektriker temporär,BROAD,EX | 25 | CH | SEARCH | LEAD | Montage-Elektriker,Elektriker_1_Temporär,15145890855,128984364133,950371173748,0,,,,,INSUFFICIENT_DATA,,,INSUFFICIENT_DATA,,,INSUFFICIENT_DATA,,,INSUFFICIENT_DATA,0,
elektriker temporärbüro,BROAD,EX | 25 | CH | SEARCH | LEAD | Montage-Elektriker,Elektriker_1_Temporär,15145890855,128984364133,2007378306629,0,,,,,INSUFFICIENT_DATA,,,INSUFFICIENT_DATA,,,INSUFFICIENT_DATA,,,INSUFFICIENT_DATA,0,
montage elektriker jobs,BROAD,EX | 25 | CH | SEARCH | LEAD | Montage-Elektriker,Montage-Elektriker_1_Job,15145890855,129652215296,31829320056,0,,,,,INSUFFICIENT_DATA,,,INSUFFICIENT_DATA,,,INSUFFICIENT_DATA,,,INSUFFICIENT_DATA,0,
montage elektriker job,BROAD,EX | 25 | CH | SEARCH | LEAD | Montage-Elektriker,Montage-Elektriker_1_Job,15145890855,129652215296,304335024881,0,,,,,INSUFFICIENT_DATA,,,INSUFFICIENT_DATA,,,INSUFFICIENT_DATA,,,INSUFFICIENT_DATA,0,
montage elektriker arbeit,BROAD,EX | 25 | CH | SEARCH | LEAD | Montage-Elektriker,Montage-Elektriker_1_Arbeit,15145890855,129652215336,304335024841,0,,,,,INSUFFICIENT_DATA,,,INSUFFICIENT_DATA,,,INSUFFICIENT_DATA,,,INSUFFICIENT_DATA,0,
montage elektriker jobs,BROAD,EX | 25 | CH | SEARCH | LEAD | Montage-Elektriker,AG | RSA | Montage-Elektriker,15145890855,195559356887,31829320056,27,7,5,-2.00,-0.083,DECLINING_SHARP,,,INSUFFICIENT_DATA,3,3,STABLE,3,2,DECLINING,3726,16
elektriker job,BROAD,EX | 25 | CH | SEARCH | LEAD | Montage-Elektriker,AG | RSA | Montage-Elektriker,15145890855,195559356887,300901830212,23,2,7,5.00,0.187,IMPROVING,3,3,STABLE,2,3,IMPROVING,2,2,STABLE,1037,2
job als elektriker,BROAD,EX | 25 | CH | SEARCH | LEAD | Montage-Elektriker,AG | RSA | Montage-Elektriker,15145890855,195559356887,301804124777,13,5,5,0.00,0.000,STABLE,,,INSUFFICIENT_DATA,3,3,STABLE,2,2,STABLE,2026,
montage elektriker efz,BROAD,EX | 25 | CH | SEARCH | LEAD | Montage-Elektriker,AG | RSA | Montage-Elektriker,15145890855,195559356887,349728739356,5,5,5,0.00,0.000,STABLE,,,INSUFFICIENT_DATA,3,3,STABLE,2,2,STABLE,151,11
montageelektriker,BROAD,EX | 25 | CH | SEARCH | LEAD | Montage-Elektriker,AG | RSA | Montage-Elektriker,15145890855,195559356887,662796260626,13,3,2,-1.00,-0.110,DECLINING,3,3,STABLE,2,2,STABLE,2,2,STABLE,402,
elektriker temporär,BROAD,EX | 25 | CH | SEARCH | LEAD | Montage-Elektriker,AG | RSA | Montage-Elektriker,15145890855,195559356887,950371173748,26,8,8,0.00,-0.015,STABLE,,,INSUFFICIENT_DATA,3,3,STABLE,3,3,STABLE,1998,11
elektriker temporärbüro,BROAD,EX | 25 | CH | SEARCH | LEAD | Montage-Elektriker,AG | RSA | Montage-Elektriker,15145890855,195559356887,2007378306629,25,8,8,0.00,0.000,STABLE,,,INSUFFICIENT_DATA,3,3,STABLE,3,3,STABLE,4100,11
job betriebselektriker,EXACT,EX | 25 | CH | SEARCH | LEAD | Montage-Elektriker,AG | RSA | Montage-Elektriker,15145890855,195559356887,11502519123,0,,,,,INSUFFICIENT_DATA,,,INSUFFICIENT_DATA,,,INSUFFICIENT_DATA,,,INSUFFICIENT_DATA,3,
elektriker basel,BROAD,EX | 25 | CH | SEARCH | LEAD | Montage-Elektriker,AG | RSA | Montage-Elektriker,15145890855,195559356887,313831746214,2,5,5,,,INSUFFICIENT_DATA,,,INSUFFICIENT_DATA,,,INSUFFICIENT_DATA,,,INSUFFICIENT_DATA,57,
arbeit betriebselektriker,EXACT,EX | 25 | CH | SEARCH | LEAD | Montage-Elektriker,AG | RSA | Montage-Elektriker,15145890855,195559356887,331493304706,0,,,,,INSUFFICIENT_DATA,,,INSUFFICIENT_DATA,,,INSUFFICIENT_DATA,,,INSUFFICIENT_DATA,6,
stellenangebote elektromonteur,EXACT,EX | 25 | CH | SEARCH | LEAD | Montage-Elektriker,AG | RSA | Montage-Elektriker,15145890855,195559356887,11502589773,0,,,,,INSUFFICIENT_DATA,,,INSUFFICIENT_DATA,,,INSUFFICIENT_DATA,,,INSUFFICIENT_DATA,18,
elektroniker efz,EXACT,EX | 25 | CH | SEARCH | LEAD | Montage-Elektriker,AG | RSA | Montage-Elektriker,15145890855,195559356887,372630950145,0,,,,,INSUFFICIENT_DATA,,,INSUFFICIENT_DATA,,,INSUFFICIENT_DATA,,,INSUFFICIENT_DATA,13,
montage elektriker jobs zürich,EXACT,EX | 25 | CH | SEARCH | LEAD | Montage-Elektriker,AG | RSA | Montage-Elektriker,15145890855,195559356887,389024344970,0,,,,,INSUFFICIENT_DATA,,,INSUFFICIENT_DATA,,,INSUFFICIENT_DATA,,,INSUFFICIENT_DATA,13,
electrician job in switzerland,EXACT,EX | 25 | CH | SEARCH | LEAD | Montage-Elektriker,AG | RSA | Montage-Elektriker,15145890855,195559356887,1066748893605,0,,,,,INSUFFICIENT_DATA,,,INSUFFICIENT_DATA,,,INSUFFICIENT_DATA,,,INSUFFICIENT_DATA,5,
lavoro come elettricista in svizzera,PHRASE,EX | 25 | CH | SEARCH | LEAD | Montage-Elektriker,AG | RSA | Montage-Elektriker,15145890855,195559356887,454279766526,0,,,,,INSUFFICIENT_DATA,,,INSUFFICIENT_DATA,,,INSUFFICIENT_DATA,,,INSUFFICIENT_DATA,3,
elektriker stellenangebote,EXACT,EX | 25 | CH | SEARCH | LEAD | Montage-Elektriker,AG | RSA | Montage-Elektriker,15145890855,195559356887,2183921581,0,,,,,INSUFFICIENT_DATA,,,INSUFFICIENT_DATA,,,INSUFFICIENT_DATA,,,INSUFFICIENT_DATA,1,
automatiker job,BROAD,EX | 25 | CH | SEARCH | LEAD | Automatiker,Automatiker_1_Job,15210620317,129652481756,43624916610,0,,,,,INSUFFICIENT_DATA,,,INSUFFICIENT_DATA,,,INSUFFICIENT_DATA,,,INSUFFICIENT_DATA,0,
jobs automatiker,BROAD,EX | 25 | CH | SEARCH | LEAD | Automatiker,Automatiker_1_Job,15210620317,129652481756,315111536538,0,,,,,INSUFFICIENT_DATA,,,INSUFFICIENT_DATA,,,INSUFFICIENT_DATA,,,INSUFFICIENT_DATA,0,
automatikmonteur jobs,BROAD,EX | 25 | CH | SEARCH | LEAD | Automatiker,Automatiker_1_Job,15210620317,129652481756,368569501197,0,,,,,INSUFFICIENT_DATA,,,INSUFFICIENT_DATA,,,INSUFFICIENT_DATA,,,INSUFFICIENT_DATA,0,
automatiker stellen,BROAD,EX | 25 | CH | SEARCH | LEAD | Automatiker,Automatiker_1_Stelle,15210620317,129652481956,24687379950,0,,,,,INSUFFICIENT_DATA,,,INSUFFICIENT_DATA,,,INSUFFICIENT_DATA,,,INSUFFICIENT_DATA,0,
Automatiker stellenangebote,BROAD,EX | 25 | CH | SEARCH | LEAD | Automatiker,Automatiker_1_Stelle,15210620317,129652481956,2225764523455,0,,,,,INSUFFICIENT_DATA,,,INSUFFICIENT_DATA,,,INSUFFICIENT_DATA,,,INSUFFICIENT_DATA,0,
automatiker temporär,BROAD,EX | 25 | CH | SEARCH | LEAD | Automatiker,Automatiker_1_Temporär,15210620317,129652481996,2200950237112,0,,,,,INSUFFICIENT_DATA,,,INSUFFICIENT_DATA,,,INSUFFICIENT_DATA,,,INSUFFICIENT_DATA,0,
automatiker stellen zürich,BROAD,EX | 25 | CH | SEARCH | LEAD | Automatiker,Automatiker_1_Zürich,15210620317,129652482156,380669687452,0,,,,,INSUFFICIENT_DATA,,,INSUFFICIENT_DATA,,,INSUFFICIENT_DATA,,,INSUFFICIENT_DATA,0,
automatiker jobs zürich,BROAD,EX | 25 | CH | SEARCH | LEAD | Automatiker,Automatiker_1_Zürich,15210620317,129652482156,1207845613866,0,,,,,INSUFFICIENT_DATA,,,INSUFFICIENT_DATA,,,INSUFFICIENT_DATA,,,INSUFFICIENT_DATA,0,
automatiker job,BROAD,EX | 25 | CH | SEARCH | LEAD | Automatiker,AG | RSA | Automatiker,15210620317,193394861642,43624916610,15,5,5,0.00,0.000,STABLE,,,INSUFFICIENT_DATA,3,3,STABLE,2,2,STABLE,534,11
stelle als automatiker,BROAD,EX | 25 | CH | SEARCH | LEAD | Automatiker,AG | RSA | Automatiker,15210620317,193394861642,376757387003,0,,,,,INSUFFICIENT_DATA,,,INSUFFICIENT_DATA,,,INSUFFICIENT_DATA,,,INSUFFICIENT_DATA,3713,
automatiker jobs zürich,BROAD,EX | 25 | CH | SEARCH | LEAD | Automatiker,AG | RSA | Automatiker,15210620317,193394861642,1207845613866,27,4,5,1.00,0.056,IMPROVING,3,3,STABLE,3,3,STABLE,2,2,STABLE,1929,16
automatiker temporär,BROAD,EX | 25 | CH | SEARCH | LEAD | Automatiker,AG | RSA | Automatiker,15210620317,193394861642,2200950237112,26,8,8,0.00,0.000,STABLE,,,INSUFFICIENT_DATA,,,INSUFFICIENT_DATA,3,3,STABLE,5042,16
Automatiker stellenangebote,BROAD,EX | 25 | CH | SEARCH | LEAD | Automatiker,AG | RSA | Automatiker,15210620317,193394861642,2225764523455,0,,,,,INSUFFICIENT_DATA,,,INSUFFICIENT_DATA,,,INSUFFICIENT_DATA,,,INSUFFICIENT_DATA,863,
Automatisierungstechnik jobs,BROAD,EX | 25 | CH | SEARCH | LEAD | Automatiker,AG | RSA | Automatiker,15210620317,193394861642,1638179234,0,,,,,INSUFFICIENT_DATA,,,INSUFFICIENT_DATA,,,INSUFFICIENT_DATA,,,INSUFFICIENT_DATA,12,
factory worker switzerland,PHRASE,EX | 25 | CH | SEARCH | LEAD | Automatiker,AG | RSA | Automatiker,15210620317,193394861642,2077977426867,0,,,,,INSUFFICIENT_DATA,,,INSUFFICIENT_DATA,,,INSUFFICIENT_DATA,,,INSUFFICIENT_DATA,238,
automatiker schweiz,PHRASE,EX | 25 | CH | SEARCH | LEAD | Automatiker,AG | RSA | Automatiker,15210620317,193394861642,667051310810,0,,,,,INSUFFICIENT_DATA,,,INSUFFICIENT_DATA,,,INSUFFICIENT_DATA,,,INSUFFICIENT_DATA,2,
Automatisierungstechnik stellen,BROAD,EX | 25 | CH | SEARCH | LEAD | Automatiker,AG | RSA | Automatiker,15210620317,193394861642,1638179144,0,,,,,INSUFFICIENT_DATA,,,INSUFFICIENT_DATA,,,INSUFFICIENT_DATA,,,INSUFFICIENT_DATA,83,
sanitärinstallateur offene stellen,EXACT,EX | 25 | CH | SEARCH | LEAD | Sanitärinstallateur,AG | RSA | Sanitärinstallateur,15210620323,190557736766,23399998325,1,7,7,,,INSUFFICIENT_DATA,,,INSUFFICIENT_DATA,,,INSUFFICIENT_DATA,,,INSUFFICIENT_DATA,76,
sanitärinstallateur jobs,BROAD,EX | 25 | CH | SEARCH | LEAD | Sanitärinstallateur,AG | RSA | Sanitärinstallateur,15210620323,190557736766,313395867110,27,3,5,2.00,0.031,IMPROVING,,,INSUFFICIENT_DATA,2,3,IMPROVING,2,2,STABLE,2164,16
sanitärinstallateur efz,BROAD,EX | 25 | CH | SEARCH | LEAD | Sanitärinstallateur,AG | RSA | Sanitärinstallateur,15210620323,190557736766,346622172633,12,3,5,2.00,0.224,IMPROVING,,,INSUFFICIENT_DATA,2,3,IMPROVING,2,2,STABLE,502,
sanitär jobangebote,BROAD,EX | 25 | CH | SEARCH | LEAD | Sanitärinstallateur,AG | RSA | Sanitärinstallateur,15210620323,190557736766,350967993775,0,,,,,INSUFFICIENT_DATA,,,INSUFFICIENT_DATA,,,INSUFFICIENT_DATA,,,INSUFFICIENT_DATA,6190,
sanitärinstallateur jobs,PHRASE,EX | 25 | CH | SEARCH | LEAD | Sanitärinstallateur,AG | RSA | Sanitärinstallateur,15210620323,190557736766,426119976601,9,3,5,2.00,0.133,IMPROVING,,,INSUFFICIENT_DATA,2,3,IMPROVING,2,2,STABLE,281,
Sanitärinstallateur temporär,PHRASE,EX | 25 | CH | SEARCH | LEAD | Sanitärinstallateur,AG | RSA | Sanitärinstallateur,15210620323,190557736766,2310212252332,14,8,7,-1.00,-0.099,DECLINING,,,INSUFFICIENT_DATA,,,INSUFFICIENT_DATA,3,2,DECLINING,245,11
sanitär offene stellen,EXACT,EX | 25 | CH | SEARCH | LEAD | Sanitärinstallateur,AG | RSA | Sanitärinstallateur,15210620323,190557736766,377642057436,1,4,4,,,INSUFFICIENT_DATA,,,INSUFFICIENT_DATA,,,INSUFFICIENT_DATA,,,INSUFFICIENT_DATA,66,
sanitärinstallateur in efz,EXACT,EX | 25 | CH | SEARCH | LEAD | Sanitärinstallateur,AG | RSA | Sanitärinstallateur,15210620323,190557736766,864714899161,0,,,,,INSUFFICIENT_DATA,,,INSUFFICIENT_DATA,,,INSUFFICIENT_DATA,,,INSUFFICIENT_DATA,12,
plumber job,PHRASE,EX | 25 | CH | SEARCH | LEAD | Sanitärinstallateur,AG | RSA | Sanitärinstallateur,15210620323,190557736766,779384056,0,,,,,INSUFFICIENT_DATA,,,INSUFFICIENT_DATA,,,INSUFFICIENT_DATA,,,INSUFFICIENT_DATA,20,
sanitär monteur,BROAD,EX | 25 | CH | SEARCH | LEAD | Sanitärinstallateur,AG | RSA | Sanitärinstallateur,15210620323,190557736766,296722256840,0,,,,,INSUFFICIENT_DATA,,,INSUFFICIENT_DATA,,,INSUFFICIENT_DATA,,,INSUFFICIENT_DATA,4,
sanitär stellen,PHRASE,EX | 25 | CH | SEARCH | LEAD | Sanitärinstallateur,AG | RSA | Sanitärinstallateur,15210620323,190557736766,314700652225,6,1,3,2.00,0.371,IMPROVING,2,3,IMPROVING,2,2,STABLE,2,2,STABLE,98,5
sanitärinstallateur offene stellen,PHRASE,EX | 25 | CH | SEARCH | LEAD | Sanitärinstallateur,AG | RSA | Sanitärinstallateur,15210620323,190557736766,327020830076,12,7,5,-2.00,-0.140,DECLINING_SHARP,,,INSUFFICIENT_DATA,3,3,STABLE,2,2,STABLE,255,11
sanitär jobs luzern,PHRASE,EX | 25 | CH | SEARCH | LEAD | Sanitärinstallateur,AG | RSA | Sanitärinstallateur,15210620323,190557736766,748407943828,0,,,,,INSUFFICIENT_DATA,,,INSUFFICIENT_DATA,,,INSUFFICIENT_DATA,,,INSUFFICIENT_DATA,10,
sanitär stellen zürich,PHRASE,EX | 25 | CH | SEARCH | LEAD | Sanitärinstallateur,AG | RSA | Sanitärinstallateur,15210620323,190557736766,1463565428141,1,7,7,,,INSUFFICIENT_DATA,,,INSUFFICIENT_DATA,,,INSUFFICIENT_DATA,,,INSUFFICIENT_DATA,99,
metallbauer jobs,BROAD,EX | 25 | CH | SEARCH | LEAD | Metallbauer,Metallbauer_1_Job,15347327648,126931104181,303109371328,0,,,,,INSUFFICIENT_DATA,,,INSUFFICIENT_DATA,,,INSUFFICIENT_DATA,,,INSUFFICIENT_DATA,0,
job als metallbauer,PHRASE,EX | 25 | CH | SEARCH | LEAD | Metallbauer,Metallbauer_1_Job,15347327648,126931104181,337892926774,0,,,,,INSUFFICIENT_DATA,,,INSUFFICIENT_DATA,,,INSUFFICIENT_DATA,,,INSUFFICIENT_DATA,0,
metallbauer stellen,BROAD,EX | 25 | CH | SEARCH | LEAD | Metallbauer,Metallbauer_1_Stelle,15347327648,126931104381,312757908862,0,,,,,INSUFFICIENT_DATA,,,INSUFFICIENT_DATA,,,INSUFFICIENT_DATA,,,INSUFFICIENT_DATA,0,
metallbauer stellen,PHRASE,EX | 25 | CH | SEARCH | LEAD | Metallbauer,Metallbauer_1_Stelle,15347327648,126931104381,359467075833,0,,,,,INSUFFICIENT_DATA,,,INSUFFICIENT_DATA,,,INSUFFICIENT_DATA,,,INSUFFICIENT_DATA,0,
metallbauer freie stellen,BROAD,EX | 25 | CH | SEARCH | LEAD | Metallbauer,Metallbauer_1_Stelle,15347327648,126931104381,430440878155,0,,,,,INSUFFICIENT_DATA,,,INSUFFICIENT_DATA,,,INSUFFICIENT_DATA,,,INSUFFICIENT_DATA,0,
jobplattformen,BROAD,EX | 25 | CH | SEARCH | LEAD | Metallbauer,AG | RSA | Metallbauer,15347327648,193279372073,326507360554,0,,,,,INSUFFICIENT_DATA,,,INSUFFICIENT_DATA,,,INSUFFICIENT_DATA,,,INSUFFICIENT_DATA,9107,
jobs im metallbau,BROAD,EX | 25 | CH | SEARCH | LEAD | Metallbauer,AG | RSA | Metallbauer,15347327648,193279372073,359447328941,0,,,,,INSUFFICIENT_DATA,,,INSUFFICIENT_DATA,,,INSUFFICIENT_DATA,,,INSUFFICIENT_DATA,769,
arbeit metallbau,PHRASE,EX | 25 | CH | SEARCH | LEAD | Metallbauer,AG | RSA | Metallbauer KW Testing,15347327648,191429218741,355904095337,0,,,,,INSUFFICIENT_DATA,,,INSUFFICIENT_DATA,,,INSUFFICIENT_DATA,,,INSUFFICIENT_DATA,37,
stahl arbeit,PHRASE,EX | 25 | CH | SEARCH | LEAD | Metallbauer,AG | RSA | Metallbauer KW Testing,15347327648,191429218741,2324174647864,0,,,,,INSUFFICIENT_DATA,,,INSUFFICIENT_DATA,,,INSUFFICIENT_DATA,,,INSUFFICIENT_DATA,1,
metallbauer stellenangebote,BROAD,EX | 25 | CH | SEARCH | LEAD | Metallbauer,AG | RSA | Metallbauer KW Testing,15347327648,191429218741,304628771918,13,5,5,0.00,0.000,STABLE,,,INSUFFICIENT_DATA,3,3,STABLE,2,2,STABLE,689,16
metallbauer jobs bern,EXACT,EX | 25 | CH | SEARCH | LEAD | Metallbauer,AG | RSA | Metallbauer KW Testing,15347327648,191429218741,327354285118,0,,,,,INSUFFICIENT_DATA,,,INSUFFICIENT_DATA,,,INSUFFICIENT_DATA,,,INSUFFICIENT_DATA,27,
offene stellen metallbauer,EXACT,EX | 25 | CH | SEARCH | LEAD | Metallbauer,AG | RSA | Metallbauer KW Testing,15347327648,191429218741,336421229924,0,,,,,INSUFFICIENT_DATA,,,INSUFFICIENT_DATA,,,INSUFFICIENT_DATA,,,INSUFFICIENT_DATA,18,
metallbauer jobs,EXACT,EX | 25 | CH | SEARCH | LEAD | Metallbauer,AG | RSA | Metallbauer KW Testing,15347327648,191429218741,352943952127,0,,,,,INSUFFICIENT_DATA,,,INSUFFICIENT_DATA,,,INSUFFICIENT_DATA,,,INSUFFICIENT_DATA,35,
jobs metallbau,PHRASE,EX | 25 | CH | SEARCH | LEAD | Metallbauer,AG | RSA | Metallbauer KW Testing,15347327648,191429218741,362047562554,14,7,5,-2.00,-0.198,DECLINING_SHARP,,,INSUFFICIENT_DATA,3,3,STABLE,2,2,STABLE,286,11
metallbau jobs in der nähe,EXACT,EX | 25 | CH | SEARCH | LEAD | Metallbauer,AG | RSA | Metallbauer KW Testing,15347327648,191429218741,1608995248032,0,,,,,INSUFFICIENT_DATA,,,INSUFFICIENT_DATA,,,INSUFFICIENT_DATA,,,INSUFFICIENT_DATA,9,
metallbau monteur,EXACT,EX | 25 | CH | SEARCH | LEAD | Metallbauer,AG | RSA | Metallbauer KW Testing,15347327648,191429218741,387240862734,0,,,,,INSUFFICIENT_DATA,,,INSUFFICIENT_DATA,,,INSUFFICIENT_DATA,,,INSUFFICIENT_DATA,8,
metallbauer efz,EXACT,EX | 25 | CH | SEARCH | LEAD | Metallbauer,AG | RSA | Metallbauer KW Testing,15347327648,191429218741,1463525312540,0,,,,,INSUFFICIENT_DATA,,,INSUFFICIENT_DATA,,,INSUFFICIENT_DATA,,,INSUFFICIENT_DATA,6,
ironworkers working,PHRASE,EX | 25 | CH | SEARCH | LEAD | Metallbauer,AG | RSA | Metallbauer KW Testing,15347327648,191429218741,783474776124,0,,,,,INSUFFICIENT_DATA,,,INSUFFICIENT_DATA,,,INSUFFICIENT_DATA,,,INSUFFICIENT_DATA,2,
maler schweiz,BROAD,EX | DE | DACH | SEARCH | LEAD | UMLAND TEST,STAN | HOME | BROAD,20685916051,154386686829,302654071829,22,7,6,-1.00,-0.063,DECLINING,3,3,STABLE,,,INSUFFICIENT_DATA,3,2,DECLINING,1021,
polymechaniker schweiz,BROAD,EX | DE | DACH | SEARCH | LEAD | UMLAND TEST,STAN | HOME | BROAD,20685916051,154386686829,303240766784,27,4,4,0.00,0.015,STABLE,3,3,STABLE,2,2,STABLE,3,3,STABLE,12493,16
dachdecker jobs schweiz,BROAD,EX | DE | DACH | SEARCH | LEAD | UMLAND TEST,STAN | HOME | BROAD,20685916051,154386686829,304108247215,0,,,,,INSUFFICIENT_DATA,,,INSUFFICIENT_DATA,,,INSUFFICIENT_DATA,,,INSUFFICIENT_DATA,20,
schreiner jobs schweiz,BROAD,EX | DE | DACH | SEARCH | LEAD | UMLAND TEST,STAN | HOME | BROAD,20685916051,154386686829,312859575540,0,,,,,INSUFFICIENT_DATA,,,INSUFFICIENT_DATA,,,INSUFFICIENT_DATA,,,INSUFFICIENT_DATA,6,
elektroniker jobs schweiz,BROAD,EX | DE | DACH | SEARCH | LEAD | UMLAND TEST,STAN | HOME | BROAD,20685916051,154386686829,312888247900,20,3,1,-2.00,-0.054,DECLINING_SHARP,2,2,STABLE,3,2,DECLINING,2,2,STABLE,1221,16
schreiner jobs zürich,BROAD,EX | DE | DACH | SEARCH | LEAD | UMLAND TEST,STAN | HOME | BROAD,20685916051,154386686829,314589657304,14,5,5,0.00,0.000,STABLE,2,2,STABLE,,,INSUFFICIENT_DATA,2,2,STABLE,526,
handwerker jobs schweiz,BROAD,EX | DE | DACH | SEARCH | LEAD | UMLAND TEST,STAN | HOME | BROAD,20685916051,154386686829,315036540913,24,8,7,-1.00,-0.069,DECLINING,3,3,STABLE,,,INSUFFICIENT_DATA,3,3,STABLE,5606,16
schweisser jobs schweiz,BROAD,EX | DE | DACH | SEARCH | LEAD | UMLAND TEST,STAN | HOME | BROAD,20685916051,154386686829,315747770388,9,6,6,0.00,0.000,STABLE,2,2,STABLE,,,INSUFFICIENT_DATA,3,3,STABLE,215,
construction work switzerland,BROAD,EX | DE | DACH | SEARCH | LEAD | UMLAND TEST,STAN | HOME | BROAD,20685916051,154386686829,342318178938,2,6,6,,,INSUFFICIENT_DATA,,,INSUFFICIENT_DATA,,,INSUFFICIENT_DATA,,,INSUFFICIENT_DATA,98,
tischler jobs schweiz,PHRASE,EX | DE | DACH | SEARCH | LEAD | UMLAND TEST,STAN | HOME | BROAD,20685916051,154386686829,355425854790,0,,,,,INSUFFICIENT_DATA,,,INSUFFICIENT_DATA,,,INSUFFICIENT_DATA,,,INSUFFICIENT_DATA,0,
montage schweiz jobs,PHRASE,EX | DE | DACH | SEARCH | LEAD | UMLAND TEST,STAN | HOME | BROAD,20685916051,154386686829,357042555507,0,,,,,INSUFFICIENT_DATA,,,INSUFFICIENT_DATA,,,INSUFFICIENT_DATA,,,INSUFFICIENT_DATA,0,
metallbauer jobs schweiz,BROAD,EX | DE | DACH | SEARCH | LEAD | UMLAND TEST,STAN | HOME | BROAD,20685916051,154386686829,378269064195,0,,,,,INSUFFICIENT_DATA,,,INSUFFICIENT_DATA,,,INSUFFICIENT_DATA,,,INSUFFICIENT_DATA,20,
schweiz bau jobs,BROAD,EX | DE | DACH | SEARCH | LEAD | UMLAND TEST,STAN | HOME | BROAD,20685916051,154386686829,385620786458,6,7,7,0.00,0.000,STABLE,3,3,STABLE,,,INSUFFICIENT_DATA,3,3,STABLE,85,
automatiker jobs schweiz,BROAD,EX | DE | DACH | SEARCH | LEAD | UMLAND TEST,STAN | HOME | BROAD,20685916051,154386686829,449720661295,0,,,,,INSUFFICIENT_DATA,,,INSUFFICIENT_DATA,,,INSUFFICIENT_DATA,,,INSUFFICIENT_DATA,8,
maurer schweiz,BROAD,EX | DE | DACH | SEARCH | LEAD | UMLAND TEST,STAN | HOME | BROAD,20685916051,154386686829,506114805752,0,,,,,INSUFFICIENT_DATA,,,INSUFFICIENT_DATA,,,INSUFFICIENT_DATA,,,INSUFFICIENT_DATA,5,
schweisser jobs schweiz,PHRASE,EX | DE | DACH | SEARCH | LEAD | UMLAND TEST,STAN | HOME | BROAD,20685916051,154386686829,719863578150,0,,,,,INSUFFICIENT_DATA,,,INSUFFICIENT_DATA,,,INSUFFICIENT_DATA,,,INSUFFICIENT_DATA,0,
schweiz handwerker jobs,BROAD,EX | DE | DACH | SEARCH | LEAD | UMLAND TEST,STAN | HOME | BROAD,20685916051,154386686829,2227726921619,0,,,,,INSUFFICIENT_DATA,,,INSUFFICIENT_DATA,,,INSUFFICIENT_DATA,,,INSUFFICIENT_DATA,1,
Metallbauer schweiz,BROAD,EX | DE | DACH | SEARCH | LEAD | UMLAND TEST,STAN | HOME | BROAD,20685916051,154386686829,2454587382705,0,,,,,INSUFFICIENT_DATA,,,INSUFFICIENT_DATA,,,INSUFFICIENT_DATA,,,INSUFFICIENT_DATA,7,
metallbauer jobs schweiz,PHRASE,EX | DE | DACH | SEARCH | LEAD | UMLAND TEST,STAN | HOME | BROAD,20685916051,154386686829,1663887784483,0,,,,,INSUFFICIENT_DATA,,,INSUFFICIENT_DATA,,,INSUFFICIENT_DATA,,,INSUFFICIENT_DATA,0,
welding jobs in switzerland,BROAD,EX | DE | DACH | SEARCH | LEAD | UMLAND TEST,STAN | HOME | BROAD,20685916051,154386686829,313032445606,0,,,,,INSUFFICIENT_DATA,,,INSUFFICIENT_DATA,,,INSUFFICIENT_DATA,,,INSUFFICIENT_DATA,3,
trockenbauer jobs schweiz,BROAD,EX | DE | DACH | SEARCH | LEAD | UMLAND TEST,STAN | HOME | BROAD,20685916051,154386686829,576617117712,0,,,,,INSUFFICIENT_DATA,,,INSUFFICIENT_DATA,,,INSUFFICIENT_DATA,,,INSUFFICIENT_DATA,2,
schweißer arbeit,BROAD,EX | 25 | CH | SEARCH | LEAD | Schweisser,AG | RSA | Schweisser,20691357994,155384660552,296631707400,27,5,5,0.00,-0.002,STABLE,3,3,STABLE,3,3,STABLE,2,2,STABLE,11402,16
schweisser jobs zürich,BROAD,EX | 25 | CH | SEARCH | LEAD | Schweisser,AG | RSA | Schweisser,20691357994,155384660552,315736754628,11,4,6,2.00,0.273,IMPROVING,3,3,STABLE,3,3,STABLE,2,3,IMPROVING,335,
schweisser job schweiz,BROAD,EX | 25 | CH | SEARCH | LEAD | Schweisser,AG | RSA | Schweisser,20691357994,155384660552,315747770348,27,6,6,0.00,0.002,STABLE,3,3,STABLE,,,INSUFFICIENT_DATA,2,2,STABLE,3289,16
schweisser arbeit,BROAD,EX | 25 | CH | SEARCH | LEAD | Schweisser,AG | RSA | Schweisser,20691357994,155384660552,318072487572,1,4,4,,,INSUFFICIENT_DATA,,,INSUFFICIENT_DATA,,,INSUFFICIENT_DATA,,,INSUFFICIENT_DATA,27,
schweißen job,EXACT,EX | 25 | CH | SEARCH | LEAD | Schweisser,AG | RSA | Schweisser,20691357994,155384660552,499664467152,10,7,7,0.00,0.000,STABLE,,,INSUFFICIENT_DATA,3,3,STABLE,3,3,STABLE,177,
schweißer jobs in der nähe,EXACT,EX | 25 | CH | SEARCH | LEAD | Schweisser,AG | RSA | Schweisser,20691357994,155384660552,1169839126538,2,6,7,,,INSUFFICIENT_DATA,,,INSUFFICIENT_DATA,,,INSUFFICIENT_DATA,,,INSUFFICIENT_DATA,80,
stellenangebote schweisser schweiz,PHRASE,EX | 25 | CH | SEARCH | LEAD | Schweisser,AG | RSA | Schweisser,20691357994,155384660552,360112719821,0,,,,,INSUFFICIENT_DATA,,,INSUFFICIENT_DATA,,,INSUFFICIENT_DATA,,,INSUFFICIENT_DATA,1,
welder jobs,PHRASE,EX | 25 | CH | SEARCH | LEAD | Schweisser,AG | RSA | Schweisser,20691357994,155384660552,291852800,0,,,,,INSUFFICIENT_DATA,,,INSUFFICIENT_DATA,,,INSUFFICIENT_DATA,,,INSUFFICIENT_DATA,1,
polymechaniker schweiz,BROAD,EX | 25 | CH | SEARCH | LEAD | Polymechaniker,AG | RSA | Polymechaniker,20702215351,154917284156,303240766784,25,4,6,2.00,0.130,IMPROVING,3,3,STABLE,3,3,STABLE,2,3,IMPROVING,7451,16
polymechaniker stellen,PHRASE,EX | 25 | CH | SEARCH | LEAD | Polymechaniker,AG | RSA | Polymechaniker,20702215351,154917284156,306903066904,0,,,,,INSUFFICIENT_DATA,,,INSUFFICIENT_DATA,,,INSUFFICIENT_DATA,,,INSUFFICIENT_DATA,31,
job polymechaniker,PHRASE,EX | 25 | CH | SEARCH | LEAD | Polymechaniker,AG | RSA | Polymechaniker | KW Testing,20702215351,191651580382,307384036218,9,6,5,-1.00,-0.117,DECLINING,2,2,STABLE,3,3,STABLE,3,2,DECLINING,172,11
polymechaniker jobs schweiz,PHRASE,EX | 25 | CH | SEARCH | LEAD | Polymechaniker,AG | RSA | Polymechaniker | KW Testing,20702215351,191651580382,307788425175,0,,,,,INSUFFICIENT_DATA,,,INSUFFICIENT_DATA,,,INSUFFICIENT_DATA,,,INSUFFICIENT_DATA,40,
polymechaniker montage jobs,EXACT,EX | 25 | CH | SEARCH | LEAD | Polymechaniker,AG | RSA | Polymechaniker | KW Testing,20702215351,191651580382,308156916617,0,,,,,INSUFFICIENT_DATA,,,INSUFFICIENT_DATA,,,INSUFFICIENT_DATA,,,INSUFFICIENT_DATA,21,
polymechaniker offene stellen,EXACT,EX | 25 | CH | SEARCH | LEAD | Polymechaniker,AG | RSA | Polymechaniker | KW Testing,20702215351,191651580382,334991226894,2,5,5,,,INSUFFICIENT_DATA,,,INSUFFICIENT_DATA,,,INSUFFICIENT_DATA,,,INSUFFICIENT_DATA,91,
polymechaniker stellenangebote,PHRASE,EX | 25 | CH | SEARCH | LEAD | Polymechaniker,AG | RSA | Polymechaniker | KW Testing,20702215351,191651580382,358813546043,0,,,,,INSUFFICIENT_DATA,,,INSUFFICIENT_DATA,,,INSUFFICIENT_DATA,,,INSUFFICIENT_DATA,494,
cnc fräser stellen,PHRASE,EX | 25 | CH | SEARCH | LEAD | Polymechaniker,AG | RSA | Polymechaniker | KW Testing,20702215351,191651580382,358975880365,0,,,,,INSUFFICIENT_DATA,,,INSUFFICIENT_DATA,,,INSUFFICIENT_DATA,,,INSUFFICIENT_DATA,1,
polymechaniker cnc,PHRASE,EX | 25 | CH | SEARCH | LEAD | Polymechaniker,AG | RSA | Polymechaniker | KW Testing,20702215351,191651580382,470415828660,0,,,,,INSUFFICIENT_DATA,,,INSUFFICIENT_DATA,,,INSUFFICIENT_DATA,,,INSUFFICIENT_DATA,12,
polymechaniker aargau,PHRASE,EX | 25 | CH | SEARCH | LEAD | Polymechaniker,AG | RSA | Polymechaniker | KW Testing,20702215351,191651580382,666802741349,0,,,,,INSUFFICIENT_DATA,,,INSUFFICIENT_DATA,,,INSUFFICIENT_DATA,,,INSUFFICIENT_DATA,5,
polymechaniker jobs schaffhausen,PHRASE,EX | 25 | CH | SEARCH | LEAD | Polymechaniker,AG | RSA | Polymechaniker | KW Testing,20702215351,191651580382,2470583520867,0,,,,,INSUFFICIENT_DATA,,,INSUFFICIENT_DATA,,,INSUFFICIENT_DATA,,,INSUFFICIENT_DATA,6,
polymechaniker basel,PHRASE,EX | 25 | CH | SEARCH | LEAD | Polymechaniker,AG | RSA | Polymechaniker | KW Testing,20702215351,191651580382,354015075080,0,,,,,INSUFFICIENT_DATA,,,INSUFFICIENT_DATA,,,INSUFFICIENT_DATA,,,INSUFFICIENT_DATA,18,
cnc dreher jobs,PHRASE,EX | 25 | CH | SEARCH | LEAD | Polymechaniker,AG | RSA | Polymechaniker | KW Testing,20702215351,191651580382,312018690395,0,,,,,INSUFFICIENT_DATA,,,INSUFFICIENT_DATA,,,INSUFFICIENT_DATA,,,INSUFFICIENT_DATA,11,
cnc mechaniker,PHRASE,EX | 25 | CH | SEARCH | LEAD | Polymechaniker,AG | RSA | Polymechaniker | KW Testing,20702215351,191651580382,312018691155,2,3,3,,,INSUFFICIENT_DATA,,,INSUFFICIENT_DATA,,,INSUFFICIENT_DATA,,,INSUFFICIENT_DATA,123,
cnc mechaniker jobs,PHRASE,EX | 25 | CH | SEARCH | LEAD | Polymechaniker,AG | RSA | Polymechaniker | KW Testing,20702215351,191651580382,358184835242,0,,,,,INSUFFICIENT_DATA,,,INSUFFICIENT_DATA,,,INSUFFICIENT_DATA,,,INSUFFICIENT_DATA,57,
cnc fräser jobs,PHRASE,EX | 25 | CH | SEARCH | LEAD | Polymechaniker,AG | RSA | Polymechaniker | KW Testing,20702215351,191651580382,304435562818,0,,,,,INSUFFICIENT_DATA,,,INSUFFICIENT_DATA,,,INSUFFICIENT_DATA,,,INSUFFICIENT_DATA,2,
polymechaniker schweiz jobs,PHRASE,EX | 25 | CH | SEARCH | LEAD | Polymechaniker,AG | RSA | Polymechaniker | KW Testing,20702215351,191651580382,307788425735,0,,,,,INSUFFICIENT_DATA,,,INSUFFICIENT_DATA,,,INSUFFICIENT_DATA,,,INSUFFICIENT_DATA,16,
jobs produktionsmechaniker,BROAD,EX | 25 | CH | SEARCH | LEAD | Produktionsmechaniker,AG | RSA | Produktionsmechaniker,20707086616,156511338642,314482536683,21,4,7,3.00,0.074,IMPROVING,3,3,STABLE,3,3,STABLE,2,2,STABLE,3145,16
produktionsmechaniker offene stellen,BROAD,EX | 25 | CH | SEARCH | LEAD | Produktionsmechaniker,AG | RSA | Produktionsmechaniker,20707086616,156511338642,348277602609,15,6,5,-1.00,-0.046,DECLINING,3,3,STABLE,3,3,STABLE,2,2,STABLE,768,
Produktionsmechaniker jobs,BROAD,EX | 25 | CH | SEARCH | LEAD | Produktionsmechaniker,AG | RSA | Produktionsmechaniker,20707086616,156511338642,349193614476,25,5,5,0.00,-0.003,STABLE,,,INSUFFICIENT_DATA,3,3,STABLE,2,2,STABLE,3228,16
Produktionsmechaniker stellen,BROAD,EX | 25 | CH | SEARCH | LEAD | Produktionsmechaniker,AG | RSA | Produktionsmechaniker,20707086616,156511338642,405390857242,25,5,5,0.00,0.017,STABLE,,,INSUFFICIENT_DATA,3,3,STABLE,2,2,STABLE,1650,11
produktionsmechaniker jobs zürich,BROAD,EX | 25 | CH | SEARCH | LEAD | Produktionsmechaniker,AG | RSA | Produktionsmechaniker,20707086616,156511338642,2231074493478,8,3,3,0.00,0.000,STABLE,,,INSUFFICIENT_DATA,2,2,STABLE,2,2,STABLE,144,
stellenangebote produktionsmechaniker,EXACT,EX | 25 | CH | SEARCH | LEAD | Produktionsmechaniker,AG | RSA | Produktionsmechaniker,20707086616,156511338642,334216012461,0,,,,,INSUFFICIENT_DATA,,,INSUFFICIENT_DATA,,,INSUFFICIENT_DATA,,,INSUFFICIENT_DATA,3,
stellenangebote produktion st gallen,EXACT,EX | 25 | CH | SEARCH | LEAD | Produktionsmechaniker,AG | RSA | Produktionsmechaniker,20707086616,156511338642,534898021677,0,,,,,INSUFFICIENT_DATA,,,INSUFFICIENT_DATA,,,INSUFFICIENT_DATA,,,INSUFFICIENT_DATA,163,
produktionsmechaniker efz,EXACT,EX | 25 | CH | SEARCH | LEAD | Produktionsmechaniker,AG | RSA | Produktionsmechaniker,20707086616,156511338642,1313788095767,0,,,,,INSUFFICIENT_DATA,,,INSUFFICIENT_DATA,,,INSUFFICIENT_DATA,,,INSUFFICIENT_DATA,13,
produktionsmechaniker in efz,EXACT,EX | 25 | CH | SEARCH | LEAD | Produktionsmechaniker,AG | RSA | Produktionsmechaniker,20707086616,156511338642,1655370848086,0,,,,,INSUFFICIENT_DATA,,,INSUFFICIENT_DATA,,,INSUFFICIENT_DATA,,,INSUFFICIENT_DATA,11,
handwerk & produktion job suchen,PHRASE,EX | 25 | CH | SEARCH | LEAD | Produktionsmechaniker,AG | RSA | Produktionsmechaniker,20707086616,156511338642,1711647387580,0,,,,,INSUFFICIENT_DATA,,,INSUFFICIENT_DATA,,,INSUFFICIENT_DATA,,,INSUFFICIENT_DATA,2075,
arbeit produktionsmitarbeiter bern,PHRASE,EX | 25 | CH | SEARCH | LEAD | Produktionsmechaniker,AG | RSA | Produktionsmechaniker,20707086616,156511338642,665704676626,0,,,,,INSUFFICIENT_DATA,,,INSUFFICIENT_DATA,,,INSUFFICIENT_DATA,,,INSUFFICIENT_DATA,626,
automatikmonteur jobs,BROAD,EX | 25 | CH | SEARCH | LEAD | Automatikmonteur,AG | RSA | Automatikmonteur,20768068758,154000335045,368569501197,16,5,7,2.00,0.129,IMPROVING,,,INSUFFICIENT_DATA,3,3,STABLE,2,2,STABLE,3435,16
stellenangebote als produktionsmitarbeiter,EXACT,EX | 25 | CH | SEARCH | LEAD | Automatikmonteur,AG | RSA | Automatikmonteur,20768068758,154000335045,349617835084,0,,,,,INSUFFICIENT_DATA,,,INSUFFICIENT_DATA,,,INSUFFICIENT_DATA,,,INSUFFICIENT_DATA,93,
automatikmonteur efz,BROAD,EX | 25 | CH | SEARCH | LEAD | Automatikmonteur,AG | RSA | Automatikmonteur,20768068758,154000335045,309386030282,0,,,,,INSUFFICIENT_DATA,,,INSUFFICIENT_DATA,,,INSUFFICIENT_DATA,,,INSUFFICIENT_DATA,37,
aufzüge jobs,PHRASE,EX | 25 | CH | SEARCH | LEAD | Automatikmonteur,AG | RSA | Automatikmonteur,20768068758,154000335045,362814121323,0,,,,,INSUFFICIENT_DATA,,,INSUFFICIENT_DATA,,,INSUFFICIENT_DATA,,,INSUFFICIENT_DATA,1,
mechanical engineering jobs switzerland,EXACT,EX | 25 | CH | SEARCH | LEAD | Automatikmonteur,AG | RSA | Automatikmonteur,20768068758,154000335045,744707643328,0,,,,,INSUFFICIENT_DATA,,,INSUFFICIENT_DATA,,,INSUFFICIENT_DATA,,,INSUFFICIENT_DATA,3,
autowerkstatt jobs,PHRASE,EX | 25 | CH | SEARCH | LEAD | Automatikmonteur,AG | RSA | Automatikmonteur,20768068758,154000335045,666718148349,0,,,,,INSUFFICIENT_DATA,,,INSUFFICIENT_DATA,,,INSUFFICIENT_DATA,,,INSUFFICIENT_DATA,24,
elektriker stellenangebote,EXACT,EX | 26 | CH | SEARCH | LEAD | Elektroinstallateur,AG | RSA | Elektroinstallateur,23369525700,190690911095,2183921581,2,7,7,,,INSUFFICIENT_DATA,,,INSUFFICIENT_DATA,,,INSUFFICIENT_DATA,,,INSUFFICIENT_DATA,48,
elektroinstallateur stellen,BROAD,EX | 26 | CH | SEARCH | LEAD | Elektroinstallateur,AG | RSA | Elektroinstallateur,23369525700,190690911095,3172281293,10,7,7,0.00,0.000,STABLE,,,INSUFFICIENT_DATA,,,INSUFFICIENT_DATA,2,2,STABLE,277,
elektroinstallateur jobs,BROAD,EX | 26 | CH | SEARCH | LEAD | Elektroinstallateur,AG | RSA | Elektroinstallateur,23369525700,190690911095,298491329911,27,7,3,-4.00,-0.156,DECLINING_SHARP,,,INSUFFICIENT_DATA,3,2,DECLINING,3,2,DECLINING,3113,16
elektroinstallateur temporär,EXACT,EX | 26 | CH | SEARCH | LEAD | Elektroinstallateur,AG | RSA | Elektroinstallateur,23369525700,190690911095,335901944824,10,8,8,0.00,0.000,STABLE,,,INSUFFICIENT_DATA,,,INSUFFICIENT_DATA,3,3,STABLE,124,
montage elektriker efz,EXACT,EX | 26 | CH | SEARCH | LEAD | Elektroinstallateur,AG | RSA | Elektroinstallateur,23369525700,190690911095,389508555555,0,,,,,INSUFFICIENT_DATA,,,INSUFFICIENT_DATA,,,INSUFFICIENT_DATA,,,INSUFFICIENT_DATA,7,
elektroniker temporär,EXACT,EX | 26 | CH | SEARCH | LEAD | Elektroinstallateur,AG | RSA | Elektroinstallateur,23369525700,190690911095,1457116295429,3,7,7,,,INSUFFICIENT_DATA,,,INSUFFICIENT_DATA,,,INSUFFICIENT_DATA,,,INSUFFICIENT_DATA,97,
efz jobs schweiz,BROAD,EX | 26 | CH | SEARCH | LEAD | Elektroinstallateur,AG | RSA | Elektroinstallateur,23369525700,190690911095,2228280178473,0,,,,,INSUFFICIENT_DATA,,,INSUFFICIENT_DATA,,,INSUFFICIENT_DATA,,,INSUFFICIENT_DATA,13583,
elektroinstallateur schweiz,BROAD,EX | 26 | CH | SEARCH | LEAD | Elektroinstallateur,AG | RSA | Elektroinstallateur,23369525700,190690911095,333609685638,0,,,,,INSUFFICIENT_DATA,,,INSUFFICIENT_DATA,,,INSUFFICIENT_DATA,,,INSUFFICIENT_DATA,43,
electrician jobs switzerland,EXACT,EX | 26 | CH | SEARCH | LEAD | Elektroinstallateur,AG | RSA | Elektroinstallateur,23369525700,190690911095,1066748893805,0,,,,,INSUFFICIENT_DATA,,,INSUFFICIENT_DATA,,,INSUFFICIENT_DATA,,,INSUFFICIENT_DATA,70,
montage elektriker temporär,EXACT,EX | 26 | CH | SEARCH | LEAD | Elektroinstallateur,AG | RSA | Elektroinstallateur,23369525700,190690911095,1063019851674,0,,,,,INSUFFICIENT_DATA,,,INSUFFICIENT_DATA,,,INSUFFICIENT_DATA,,,INSUFFICIENT_DATA,5,
elektriker stellenangebote,PHRASE,EX | 26 | CH | SEARCH | LEAD | Elektroinstallateur,AG | RSA | Elektroinstallateur,23369525700,190690911095,1373871036,3,7,7,,,INSUFFICIENT_DATA,,,INSUFFICIENT_DATA,,,INSUFFICIENT_DATA,,,INSUFFICIENT_DATA,251,
electrician jobs switzerland,PHRASE,EX | 26 | CH | SEARCH | LEAD | Elektroinstallateur,AG | RSA | Elektroinstallateur,23369525700,190690911095,1232436323910,0,,,,,INSUFFICIENT_DATA,,,INSUFFICIENT_DATA,,,INSUFFICIENT_DATA,,,INSUFFICIENT_DATA,10,
elektroinstallateur temporär,PHRASE,EX | 26 | CH | SEARCH | LEAD | Elektroinstallateur,AG | RSA | Elektroinstallateur,23369525700,190690911095,1457418674783,11,8,8,0.00,0.000,STABLE,,,INSUFFICIENT_DATA,,,INSUFFICIENT_DATA,3,3,STABLE,176,5
elektriker gesucht,PHRASE,EX | 26 | CH | SEARCH | LEAD | Elektroinstallateur,AG | RSA | Elektroinstallateur,23369525700,190690911095,305754466,6,7,7,0.00,0.000,STABLE,,,INSUFFICIENT_DATA,,,INSUFFICIENT_DATA,2,2,STABLE,172,2
garten jobs,BROAD,EX | 25 | CH | SEARCH | LEAD | Gärtner,AG | RSA | Gärtner,23468547546,197528102051,301655667966,27,6,4,-2.00,-0.037,DECLINING_SHARP,3,3,STABLE,3,3,STABLE,2,2,STABLE,3642,16
gärtner stellenangebot,BROAD,EX | 25 | CH | SEARCH | LEAD | Gärtner,AG | RSA | Gärtner,23468547546,197528102051,305961883638,0,,,,,INSUFFICIENT_DATA,,,INSUFFICIENT_DATA,,,INSUFFICIENT_DATA,,,INSUFFICIENT_DATA,2166,
gärtner arbeit,BROAD,EX | 25 | CH | SEARCH | LEAD | Gärtner,AG | RSA | Gärtner,23468547546,197528102051,326070154523,21,5,5,0.00,0.026,STABLE,,,INSUFFICIENT_DATA,3,3,STABLE,2,2,STABLE,1979,11
hilfsgärtner jobs,BROAD,EX | 25 | CH | SEARCH | LEAD | Gärtner,AG | RSA | Gärtner,23468547546,197528102051,362639620732,26,7,7,0.00,0.000,STABLE,,,INSUFFICIENT_DATA,,,INSUFFICIENT_DATA,2,2,STABLE,2157,11
gärtner stellen basel,EXACT,EX | 25 | CH | SEARCH | LEAD | Gärtner,AG | RSA | Gärtner,23468547546,197528102051,514943179108,11,7,6,-1.00,-0.118,DECLINING,3,3,STABLE,3,3,STABLE,2,2,STABLE,147,5
job als gärtner,BROAD,EX | 25 | CH | SEARCH | LEAD | Gärtner,AG | RSA | Gärtner,23468547546,197528102051,309840000403,0,,,,,INSUFFICIENT_DATA,,,INSUFFICIENT_DATA,,,INSUFFICIENT_DATA,,,INSUFFICIENT_DATA,1487,
gärtner jobs zürich,EXACT,EX | 25 | CH | SEARCH | LEAD | Gärtner,AG | RSA | Gärtner,23468547546,197528102051,315983469720,0,,,,,INSUFFICIENT_DATA,,,INSUFFICIENT_DATA,,,INSUFFICIENT_DATA,,,INSUFFICIENT_DATA,75,
gärtner job in der nähe,EXACT,EX | 25 | CH | SEARCH | LEAD | Gärtner,AG | RSA | Gärtner,23468547546,197528102051,2565618609832,0,,,,,INSUFFICIENT_DATA,,,INSUFFICIENT_DATA,,,INSUFFICIENT_DATA,,,INSUFFICIENT_DATA,12,
zierpflanzengärtner jobs,PHRASE,EX | 25 | CH | SEARCH | LEAD | Gärtner,AG | RSA | Gärtner,23468547546,197528102051,359009509824,0,,,,,INSUFFICIENT_DATA,,,INSUFFICIENT_DATA,,,INSUFFICIENT_DATA,,,INSUFFICIENT_DATA,11,
job gartenbau,PHRASE,EX | 25 | CH | SEARCH | LEAD | Gärtner,AG | RSA | Gärtner,23468547546,197528102051,311288382361,12,7,7,0.00,0.000,STABLE,,,INSUFFICIENT_DATA,,,INSUFFICIENT_DATA,2,2,STABLE,279,11
gartenhilfe jobs,PHRASE,EX | 25 | CH | SEARCH | LEAD | Gärtner,AG | RSA | Gärtner,23468547546,197528102051,353147795246,13,7,7,0.00,0.000,STABLE,,,INSUFFICIENT_DATA,,,INSUFFICIENT_DATA,2,2,STABLE,207,11
gartenbau jobsuche,PHRASE,EX | 25 | CH | SEARCH | LEAD | Gärtner,AG | RSA | Gärtner,23468547546,197528102051,442474665585,0,,,,,INSUFFICIENT_DATA,,,INSUFFICIENT_DATA,,,INSUFFICIENT_DATA,,,INSUFFICIENT_DATA,810,
gartenbauhelfer jobs,PHRASE,EX | 25 | CH | SEARCH | LEAD | Gärtner,AG | RSA | Gärtner,23468547546,197528102051,383696322644,0,,,,,INSUFFICIENT_DATA,,,INSUFFICIENT_DATA,,,INSUFFICIENT_DATA,,,INSUFFICIENT_DATA,1,
gardener jobs,PHRASE,EX | 25 | CH | SEARCH | LEAD | Gärtner,AG | RSA | Gärtner,23468547546,197528102051,487770634312,0,,,,,INSUFFICIENT_DATA,,,INSUFFICIENT_DATA,,,INSUFFICIENT_DATA,,,INSUFFICIENT_DATA,9,
gipser job,BROAD,EX | 25 | CH | SEARCH | LEAD | Gipser,AG | RSA | Gipser,23468556621,194724430511,303135331889,26,5,3,-2.00,-0.003,DECLINING_SHARP,3,3,STABLE,3,2,DECLINING,2,2,STABLE,1903,11
stelle als gipser,PHRASE,EX | 25 | CH | SEARCH | LEAD | Gipser,AG | RSA | Gipser,23468556621,194724430511,357056989187,3,4,4,,,INSUFFICIENT_DATA,,,INSUFFICIENT_DATA,,,INSUFFICIENT_DATA,,,INSUFFICIENT_DATA,144,
gipser stelle,BROAD,EX | 25 | CH | SEARCH | LEAD | Gipser,AG | RSA | Gipser,23468556621,194724430511,360873460690,5,5,5,0.00,0.000,STABLE,,,INSUFFICIENT_DATA,3,3,STABLE,2,2,STABLE,405,11
gipser stellen zürich,BROAD,EX | 25 | CH | SEARCH | LEAD | Gipser,AG | RSA | Gipser,23468556621,194724430511,378070795381,13,2,2,0.00,0.000,STABLE,3,3,STABLE,2,2,STABLE,2,2,STABLE,1256,2
gipser jobs basel,EXACT,EX | 25 | CH | SEARCH | LEAD | Gipser,AG | RSA | Gipser,23468556621,194724430511,387627578861,0,,,,,INSUFFICIENT_DATA,,,INSUFFICIENT_DATA,,,INSUFFICIENT_DATA,,,INSUFFICIENT_DATA,54,
gipser freie stellen,BROAD,EX | 25 | CH | SEARCH | LEAD | Gipser,AG | RSA | Gipser,23468556621,194724430511,496859934688,14,3,5,2.00,0.211,IMPROVING,,,INSUFFICIENT_DATA,2,3,IMPROVING,2,2,STABLE,1752,16
gipser temporär,PHRASE,EX | 25 | CH | SEARCH | LEAD | Gipser,AG | RSA | Gipser,23468556621,194724430511,1469632000692,1,7,7,,,INSUFFICIENT_DATA,,,INSUFFICIENT_DATA,,,INSUFFICIENT_DATA,,,INSUFFICIENT_DATA,66,
gipser offene stellen,PHRASE,EX | 25 | CH | SEARCH | LEAD | Gipser,AG | RSA | Gipser,23468556621,194724430511,328490157259,17,7,5,-2.00,-0.162,DECLINING_SHARP,,,INSUFFICIENT_DATA,3,3,STABLE,2,2,STABLE,518,11
gipser efz,PHRASE,EX | 25 | CH | SEARCH | LEAD | Gipser,AG | RSA | Gipser,23468556621,194724430511,1463525311900,0,,,,,INSUFFICIENT_DATA,,,INSUFFICIENT_DATA,,,INSUFFICIENT_DATA,,,INSUFFICIENT_DATA,16,
gipser jobs zürich,PHRASE,EX | 25 | CH | SEARCH | LEAD | Gipser,AG | RSA | Gipser,23468556621,194724430511,326258555449,0,,,,,INSUFFICIENT_DATA,,,INSUFFICIENT_DATA,,,INSUFFICIENT_DATA,,,INSUFFICIENT_DATA,60,
kranführer job,EXACT,EX | 26 | CH | SEARCH | LEAD | Kranführer,AG | RSA | Kranführer,23468568174,193352510633,302606088147,15,7,5,-2.00,-0.050,DECLINING_SHARP,,,INSUFFICIENT_DATA,3,3,STABLE,2,2,STABLE,281,
kranführer jobs zürich,EXACT,EX | 26 | CH | SEARCH | LEAD | Kranführer,AG | RSA | Kranführer,23468568174,193352510633,327342289158,0,,,,,INSUFFICIENT_DATA,,,INSUFFICIENT_DATA,,,INSUFFICIENT_DATA,,,INSUFFICIENT_DATA,77,
kran jobs,EXACT,EX | 26 | CH | SEARCH | LEAD | Kranführer,AG | RSA | Kranführer,23468568174,193352510633,331193987227,0,,,,,INSUFFICIENT_DATA,,,INSUFFICIENT_DATA,,,INSUFFICIENT_DATA,,,INSUFFICIENT_DATA,23,
kranführer jobs schweiz,EXACT,EX | 26 | CH | SEARCH | LEAD | Kranführer,AG | RSA | Kranführer,23468568174,193352510633,359200255116,2,7,7,,,INSUFFICIENT_DATA,,,INSUFFICIENT_DATA,,,INSUFFICIENT_DATA,,,INSUFFICIENT_DATA,118,
job Kran,BROAD,EX | 26 | CH | SEARCH | LEAD | Kranführer,AG | RSA | Kranführer,23468568174,193352510633,2461768970563,0,,,,,INSUFFICIENT_DATA,,,INSUFFICIENT_DATA,,,INSUFFICIENT_DATA,,,INSUFFICIENT_DATA,63,
stellenangebot Kranführer,BROAD,EX | 26 | CH | SEARCH | LEAD | Kranführer,AG | RSA | Kranführer,23468568174,193352510633,2461768970603,0,,,,,INSUFFICIENT_DATA,,,INSUFFICIENT_DATA,,,INSUFFICIENT_DATA,,,INSUFFICIENT_DATA,2760,
stellen Kran,BROAD,EX | 26 | CH | SEARCH | LEAD | Kranführer,AG | RSA | Kranführer,23468568174,193352510633,2461768970763,0,,,,,INSUFFICIENT_DATA,,,INSUFFICIENT_DATA,,,INSUFFICIENT_DATA,,,INSUFFICIENT_DATA,3309,
kranführer job schweiz,EXACT,EX | 26 | CH | SEARCH | LEAD | Kranführer,AG | RSA | Kranführer,23468568174,193352510633,359200254876,0,,,,,INSUFFICIENT_DATA,,,INSUFFICIENT_DATA,,,INSUFFICIENT_DATA,,,INSUFFICIENT_DATA,24,
kranführer bern,EXACT,EX | 26 | CH | SEARCH | LEAD | Kranführer,AG | RSA | Kranführer,23468568174,193352510633,369247916550,0,,,,,INSUFFICIENT_DATA,,,INSUFFICIENT_DATA,,,INSUFFICIENT_DATA,,,INSUFFICIENT_DATA,30,
Arbeit Kranführer,BROAD,EX | 26 | CH | SEARCH | LEAD | Kranführer,AG | RSA | Kranführer,23468568174,193352510633,588892320683,22,8,7,-1.00,-0.063,DECLINING,,,INSUFFICIENT_DATA,3,3,STABLE,3,3,STABLE,1590,11
suche job als kranführer,EXACT,EX | 26 | CH | SEARCH | LEAD | Kranführer,AG | RSA | Kranführer,23468568174,193352510633,359112182818,1,7,7,,,INSUFFICIENT_DATA,,,INSUFFICIENT_DATA,,,INSUFFICIENT_DATA,,,INSUFFICIENT_DATA,49,
kranführer zürich,EXACT,EX | 26 | CH | SEARCH | LEAD | Kranführer,AG | RSA | Kranführer,23468568174,193352510633,369247916830,0,,,,,INSUFFICIENT_DATA,,,INSUFFICIENT_DATA,,,INSUFFICIENT_DATA,,,INSUFFICIENT_DATA,40,
jobs als kranführer,PHRASE,EX | 26 | CH | SEARCH | LEAD | Kranführer,AG | RSA | Kranführer,23468568174,193352510633,412719787167,21,5,5,0.00,-0.109,STABLE,,,INSUFFICIENT_DATA,3,3,STABLE,2,2,STABLE,632,2
hallenkranführer jobs,PHRASE,EX | 26 | CH | SEARCH | LEAD | Kranführer,AG | RSA | Kranführer,23468568174,193352510633,2228075776985,0,,,,,INSUFFICIENT_DATA,,,INSUFFICIENT_DATA,,,INSUFFICIENT_DATA,,,INSUFFICIENT_DATA,4,
schreiner efz,EXACT,EX | 26 | CH | SEARCH | LEAD | Montage-Schreiner,AG | RSA | Montage-Schreiner,23468574954,192099072219,385174399813,0,,,,,INSUFFICIENT_DATA,,,INSUFFICIENT_DATA,,,INSUFFICIENT_DATA,,,INSUFFICIENT_DATA,32,
montagemitarbeiter jobs,PHRASE,EX | 26 | CH | SEARCH | LEAD | Montage-Schreiner,AG | RSA | Montage-Schreiner,23468574954,192099072219,297806797578,15,5,5,0.00,0.000,STABLE,,,INSUFFICIENT_DATA,3,3,STABLE,2,2,STABLE,1673,16
summer jobs switzerland,PHRASE,EX | 26 | CH | SEARCH | LEAD | Montage-Schreiner,AG | RSA | Montage-Schreiner,23468574954,192099072219,338429129462,0,,,,,INSUFFICIENT_DATA,,,INSUFFICIENT_DATA,,,INSUFFICIENT_DATA,,,INSUFFICIENT_DATA,102,
carpenter work,PHRASE,EX | 26 | CH | SEARCH | LEAD | Montage-Schreiner,AG | RSA | Montage-Schreiner,23468574954,192099072219,248250997,0,,,,,INSUFFICIENT_DATA,,,INSUFFICIENT_DATA,,,INSUFFICIENT_DATA,,,INSUFFICIENT_DATA,6,
offene stellen montage,PHRASE,EX | 26 | CH | SEARCH | LEAD | Montage-Schreiner,AG | RSA | Montage-Schreiner,23468574954,192099072219,410587689748,8,7,7,0.00,0.000,STABLE,,,INSUFFICIENT_DATA,,,INSUFFICIENT_DATA,2,2,STABLE,257,11
stellenangebote schreiner,PHRASE,EX | 26 | CH | SEARCH | LEAD | Montage-Schreiner,AG | RSA | Montage-Schreiner,23468574954,192099072219,761371831,0,,,,,INSUFFICIENT_DATA,,,INSUFFICIENT_DATA,,,INSUFFICIENT_DATA,,,INSUFFICIENT_DATA,92,
jobs schreiner,PHRASE,EX | 26 | CH | SEARCH | LEAD | Montage-Schreiner,AG | RSA | Montage-Schreiner,23468574954,192099072219,1588395022,0,,,,,INSUFFICIENT_DATA,,,INSUFFICIENT_DATA,,,INSUFFICIENT_DATA,,,INSUFFICIENT_DATA,75,
schreiner stellen,PHRASE,EX | 26 | CH | SEARCH | LEAD | Montage-Schreiner,AG | RSA | Montage-Schreiner,23468574954,192099072219,19998755523,6,5,3,-2.00,-0.286,DECLINING_SHARP,,,INSUFFICIENT_DATA,3,2,DECLINING,2,2,STABLE,91,5
schreiner job,PHRASE,EX | 26 | CH | SEARCH | LEAD | Montage-Schreiner,AG | RSA | Montage-Schreiner,23468574954,192099072219,297476803591,2,5,5,,,INSUFFICIENT_DATA,,,INSUFFICIENT_DATA,,,INSUFFICIENT_DATA,,,INSUFFICIENT_DATA,66,
schreiner offene stellen,PHRASE,EX | 26 | CH | SEARCH | LEAD | Montage-Schreiner,AG | RSA | Montage-Schreiner,23468574954,192099072219,297476803831,12,5,5,0.00,0.000,STABLE,,,INSUFFICIENT_DATA,3,3,STABLE,2,2,STABLE,528,11
stellenangebot tischler,PHRASE,EX | 26 | CH | SEARCH | LEAD | Montage-Schreiner,AG | RSA | Montage-Schreiner,23468574954,192099072219,304226754625,0,,,,,INSUFFICIENT_DATA,,,INSUFFICIENT_DATA,,,INSUFFICIENT_DATA,,,INSUFFICIENT_DATA,4,
tischler jobs,PHRASE,EX | 26 | CH | SEARCH | LEAD | Montage-Schreiner,AG | RSA | Montage-Schreiner,23468574954,192099072219,320464075154,0,,,,,INSUFFICIENT_DATA,,,INSUFFICIENT_DATA,,,INSUFFICIENT_DATA,,,INSUFFICIENT_DATA,30,
montageschreiner,EXACT,EX | 26 | CH | SEARCH | LEAD | Montage-Schreiner,AG | RSA | Montage-Schreiner,23468574954,192099072219,419071964394,0,,,,,INSUFFICIENT_DATA,,,INSUFFICIENT_DATA,,,INSUFFICIENT_DATA,,,INSUFFICIENT_DATA,16,
schreiner monteur jobs,PHRASE,EX | 26 | CH | SEARCH | LEAD | Montage-Schreiner,AG | RSA | Montage-Schreiner,23468574954,192099072219,437460696862,0,,,,,INSUFFICIENT_DATA,,,INSUFFICIENT_DATA,,,INSUFFICIENT_DATA,,,INSUFFICIENT_DATA,11,
montage schreiner job,EXACT,EX | 26 | CH | SEARCH | LEAD | Montage-Schreiner,AG | RSA | Montage-Schreiner,23468574954,192099072219,1247004352302,0,,,,,INSUFFICIENT_DATA,,,INSUFFICIENT_DATA,,,INSUFFICIENT_DATA,,,INSUFFICIENT_DATA,6,
montage schreiner,PHRASE,EX | 26 | CH | SEARCH | LEAD | Montage-Schreiner,AG | RSA | Montage-Schreiner,23468574954,192099072219,645895805501,0,,,,,INSUFFICIENT_DATA,,,INSUFFICIENT_DATA,,,INSUFFICIENT_DATA,,,INSUFFICIENT_DATA,13,
schreiner jobs in der nähe,PHRASE,EX | 26 | CH | SEARCH | LEAD | Montage-Schreiner,AG | RSA | Montage-Schreiner,23468574954,192099072219,1462458495529,0,,,,,INSUFFICIENT_DATA,,,INSUFFICIENT_DATA,,,INSUFFICIENT_DATA,,,INSUFFICIENT_DATA,1,
zimmermann arbeit,BROAD,EX | 25 | CH | SEARCH | LEAD | Zimmermann,AG | RSA | Zimmermann,23468591016,191553934309,303575974490,22,5,3,-2.00,-0.154,DECLINING_SHARP,,,INSUFFICIENT_DATA,3,2,DECLINING,2,2,STABLE,3409,11
zimmermann stellen,BROAD,EX | 25 | CH | SEARCH | LEAD | Zimmermann,AG | RSA | Zimmermann,23468591016,191553934309,370943126124,9,5,5,0.00,0.000,STABLE,,,INSUFFICIENT_DATA,3,3,STABLE,2,2,STABLE,754,
zimmermann jobsuche,BROAD,EX | 25 | CH | SEARCH | LEAD | Zimmermann,AG | RSA | Zimmermann,23468591016,191553934309,384172854614,0,,,,,INSUFFICIENT_DATA,,,INSUFFICIENT_DATA,,,INSUFFICIENT_DATA,,,INSUFFICIENT_DATA,295,
offene stellen zimmermann,BROAD,EX | 25 | CH | SEARCH | LEAD | Zimmermann,AG | RSA | Zimmermann,23468591016,191553934309,507156803752,20,7,7,0.00,-0.042,STABLE,,,INSUFFICIENT_DATA,3,3,STABLE,3,3,STABLE,2653,11
stelle als zimmermann,PHRASE,EX | 25 | CH | SEARCH | LEAD | Zimmermann,AG | RSA | Zimmermann,23468591016,191553934309,833287141406,0,,,,,INSUFFICIENT_DATA,,,INSUFFICIENT_DATA,,,INSUFFICIENT_DATA,,,INSUFFICIENT_DATA,82,
zimmermann jobs zürich,BROAD,EX | 25 | CH | SEARCH | LEAD | Zimmermann,AG | RSA | Zimmermann,23468591016,191553934309,835671803435,23,4,7,3.00,0.187,IMPROVING,3,3,STABLE,3,3,STABLE,2,2,STABLE,1802,11
zimmermann temporär,PHRASE,EX | 25 | CH | SEARCH | LEAD | Zimmermann,AG | RSA | Zimmermann,23468591016,191553934309,1463173858027,1,8,8,,,INSUFFICIENT_DATA,,,INSUFFICIENT_DATA,,,INSUFFICIENT_DATA,,,INSUFFICIENT_DATA,54,
zimmerer job,EXACT,EX | 25 | CH | SEARCH | LEAD | Zimmermann,AG | RSA | Zimmermann,23468591016,191553934309,4778905179,0,,,,,INSUFFICIENT_DATA,,,INSUFFICIENT_DATA,,,INSUFFICIENT_DATA,,,INSUFFICIENT_DATA,18,
zimmermann jobs,BROAD,EX | 25 | CH | SEARCH | LEAD | Zimmermann,AG | RSA | Zimmermann,23468591016,191553934309,302323622056,20,7,5,-2.00,-0.113,DECLINING_SHARP,,,INSUFFICIENT_DATA,3,3,STABLE,2,2,STABLE,1650,11
zimmerer stellenangebote,PHRASE,EX | 25 | CH | SEARCH | LEAD | Zimmermann,AG | RSA | Zimmermann,23468591016,191553934309,325929135078,0,,,,,INSUFFICIENT_DATA,,,INSUFFICIENT_DATA,,,INSUFFICIENT_DATA,,,INSUFFICIENT_DATA,13,
zimmermann efz,PHRASE,EX | 25 | CH | SEARCH | LEAD | Zimmermann,AG | RSA | Zimmermann,23468591016,191553934309,1463785965289,0,,,,,INSUFFICIENT_DATA,,,INSUFFICIENT_DATA,,,INSUFFICIENT_DATA,,,INSUFFICIENT_DATA,11,
job als zimmermann,PHRASE,EX | 25 | CH | SEARCH | LEAD | Zimmermann,AG | RSA | Zimmermann,23468591016,191553934309,423073931757,0,,,,,INSUFFICIENT_DATA,,,INSUFFICIENT_DATA,,,INSUFFICIENT_DATA,,,INSUFFICIENT_DATA,6,
flachdachisoleur jobs,BROAD,EX | 26 | CH | SEARCH | LEAD | Abdichter,AG | RSA | Abdichter,23473547006,191108771999,303635393411,20,1,1,0.00,0.000,STABLE,2,2,STABLE,2,2,STABLE,2,2,STABLE,2518,
bauwerksabdichter jobs,BROAD,EX | 26 | CH | SEARCH | LEAD | Abdichter,AG | RSA | Abdichter,23473547006,191108771999,323577835401,14,1,1,0.00,0.000,STABLE,2,2,STABLE,2,2,STABLE,2,2,STABLE,1787,
abdichtung jobs,BROAD,EX | 26 | CH | SEARCH | LEAD | Abdichter,AG | RSA | Abdichter,23473547006,191108771999,376526791570,5,3,3,0.00,0.000,STABLE,2,2,STABLE,3,3,STABLE,2,2,STABLE,114,
abdichter jobs,BROAD,EX | 26 | CH | SEARCH | LEAD | Abdichter,AG | RSA | Abdichter,23473547006,191108771999,486338965163,14,3,5,2.00,0.145,IMPROVING,,,INSUFFICIENT_DATA,2,3,IMPROVING,2,2,STABLE,729,
abdichter efz,EXACT,EX | 26 | CH | SEARCH | LEAD | Abdichter,AG | RSA | Abdichter,23473547006,191108771999,1427214547402,0,,,,,INSUFFICIENT_DATA,,,INSUFFICIENT_DATA,,,INSUFFICIENT_DATA,,,INSUFFICIENT_DATA,21,
isoleur jobs,BROAD,EX | 26 | CH | SEARCH | LEAD | Abdichter,AG | RSA | Abdichter,23473547006,191108771999,305326914697,0,,,,,INSUFFICIENT_DATA,,,INSUFFICIENT_DATA,,,INSUFFICIENT_DATA,,,INSUFFICIENT_DATA,9,
baumaschinenführer jobs schweiz,BROAD,EX | 26 | CH | SEARCH | LEAD | Baumaschinenführer,AG | RSA | Baumaschinenführer,23473551299,191930702636,303466263761,7,7,7,0.00,0.000,STABLE,,,INSUFFICIENT_DATA,3,3,STABLE,3,3,STABLE,413,
baumaschinenführer schweiz,BROAD,EX | 26 | CH | SEARCH | LEAD | Baumaschinenführer,AG | RSA | Baumaschinenführer,23473551299,191930702636,313815677242,6,5,5,0.00,0.000,STABLE,,,INSUFFICIENT_DATA,3,3,STABLE,2,2,STABLE,209,
baumaschinenführer stellen,BROAD,EX | 26 | CH | SEARCH | LEAD | Baumaschinenführer,AG | RSA | Baumaschinenführer,23473551299,191930702636,314810564129,9,5,5,0.00,0.000,STABLE,,,INSUFFICIENT_DATA,3,3,STABLE,2,2,STABLE,510,
baumaschinenführer stellenangebote,BROAD,EX | 26 | CH | SEARCH | LEAD | Baumaschinenführer,AG | RSA | Baumaschinenführer,23473551299,191930702636,348293297704,0,,,,,INSUFFICIENT_DATA,,,INSUFFICIENT_DATA,,,INSUFFICIENT_DATA,,,INSUFFICIENT_DATA,55,
baumaschinenführer arbeit,BROAD,EX | 26 | CH | SEARCH | LEAD | Baumaschinenführer,AG | RSA | Baumaschinenführer,23473551299,191930702636,382656882926,0,,,,,INSUFFICIENT_DATA,,,INSUFFICIENT_DATA,,,INSUFFICIENT_DATA,,,INSUFFICIENT_DATA,203,
baumaschinenführer jobs in der nähe,BROAD,EX | 26 | CH | SEARCH | LEAD | Baumaschinenführer,AG | RSA | Baumaschinenführer,23473551299,191930702636,1663715971137,9,7,5,-2.00,-0.133,DECLINING_SHARP,,,INSUFFICIENT_DATA,,,INSUFFICIENT_DATA,2,2,STABLE,334,
stelle als baumaschinenführer,EXACT,EX | 26 | CH | SEARCH | LEAD | Baumaschinenführer,AG | RSA | Baumaschinenführer,23473551299,191930702636,358531216765,0,,,,,INSUFFICIENT_DATA,,,INSUFFICIENT_DATA,,,INSUFFICIENT_DATA,,,INSUFFICIENT_DATA,7,
forklift jobs,PHRASE,EX | 26 | CH | SEARCH | LEAD | Baumaschinenführer,AG | RSA | Baumaschinenführer,23473551299,191930702636,669705312,0,,,,,INSUFFICIENT_DATA,,,INSUFFICIENT_DATA,,,INSUFFICIENT_DATA,,,INSUFFICIENT_DATA,28,
baumaschinenführer efz,EXACT,EX | 26 | CH | SEARCH | LEAD | Baumaschinenführer,AG | RSA | Baumaschinenführer,23473551299,191930702636,2264253328013,0,,,,,INSUFFICIENT_DATA,,,INSUFFICIENT_DATA,,,INSUFFICIENT_DATA,,,INSUFFICIENT_DATA,1,
fahrer jobs,BROAD,EX | 26 | CH | SEARCH | LEAD | Baumaschinenführer,AG | RSA | Baumaschinenführer,23473551299,191930702636,152416020,20,6,6,0.00,-0.023,STABLE,3,3,STABLE,,,INSUFFICIENT_DATA,2,2,STABLE,2856,11
maschinist job,BROAD,EX | 26 | CH | SEARCH | LEAD | Baumaschinenführer,AG | RSA | Baumaschinenführer,23473551299,191930702636,304335009081,4,4,6,2.00,0.600,IMPROVING,3,3,STABLE,3,3,STABLE,2,2,STABLE,81,
baumaschinenführer jobs,EXACT,EX | 26 | CH | SEARCH | LEAD | Baumaschinenführer,AG | RSA | Baumaschinenführer,23473551299,191930702636,324309311478,0,,,,,INSUFFICIENT_DATA,,,INSUFFICIENT_DATA,,,INSUFFICIENT_DATA,,,INSUFFICIENT_DATA,37,
staplerfahrer arbeit,PHRASE,EX | 26 | CH | SEARCH | LEAD | Baumaschinenführer,AG | RSA | Baumaschinenführer,23473551299,191930702636,339454217412,13,5,5,0.00,0.000,STABLE,2,2,STABLE,,,INSUFFICIENT_DATA,2,2,STABLE,385,11
maschinen arbeit,PHRASE,EX | 26 | CH | SEARCH | LEAD | Baumaschinenführer,AG | RSA | Baumaschinenführer,23473551299,191930702636,307520010190,0,,,,,INSUFFICIENT_DATA,,,INSUFFICIENT_DATA,,,INSUFFICIENT_DATA,,,INSUFFICIENT_DATA,203,
maschinist arbeit,BROAD,EX | 26 | CH | SEARCH | LEAD | Baumaschinenführer,AG | RSA | Baumaschinenführer,23473551299,191930702636,304335009041,0,,,,,INSUFFICIENT_DATA,,,INSUFFICIENT_DATA,,,INSUFFICIENT_DATA,,,INSUFFICIENT_DATA,71,
bauarbeiter jobs,BROAD,EX | 26 | CH | SEARCH | LEAD | Bauarbeiter,AG | RSA | Bauarbeiter,23473587776,194925305514,2225770507,27,5,5,0.00,-0.093,STABLE,,,INSUFFICIENT_DATA,3,3,STABLE,2,2,STABLE,1876,16
temporärbüro bau,BROAD,EX | 26 | CH | SEARCH | LEAD | Bauarbeiter,AG | RSA | Bauarbeiter,23473587776,194925305514,298160867641,27,7,7,0.00,0.018,STABLE,,,INSUFFICIENT_DATA,3,3,STABLE,3,3,STABLE,3747,16
bauarbeiter jobs zürich,BROAD,EX | 26 | CH | SEARCH | LEAD | Bauarbeiter,AG | RSA | Bauarbeiter,23473587776,194925305514,304338709116,25,5,8,3.00,0.082,IMPROVING,,,INSUFFICIENT_DATA,3,3,STABLE,2,3,IMPROVING,854,11
hilfsarbeiter bau,BROAD,EX | 26 | CH | SEARCH | LEAD | Bauarbeiter,AG | RSA | Bauarbeiter,23473587776,194925305514,304700265831,27,5,7,2.00,0.032,IMPROVING,,,INSUFFICIENT_DATA,3,3,STABLE,2,2,STABLE,2906,16
offene stellen bau,BROAD,EX | 26 | CH | SEARCH | LEAD | Bauarbeiter,AG | RSA | Bauarbeiter,23473587776,194925305514,305905371826,20,5,7,2.00,0.126,IMPROVING,,,INSUFFICIENT_DATA,3,3,STABLE,2,2,STABLE,2282,2
arbeit auf dem bau,BROAD,EX | 26 | CH | SEARCH | LEAD | Bauarbeiter,AG | RSA | Bauarbeiter,23473587776,194925305514,306467831179,5,5,5,0.00,0.000,STABLE,2,2,STABLE,,,INSUFFICIENT_DATA,2,2,STABLE,96,11
bau jobs schweiz,BROAD,EX | 26 | CH | SEARCH | LEAD | Bauarbeiter,AG | RSA | Bauarbeiter,23473587776,194925305514,314818078761,27,7,7,0.00,0.000,STABLE,3,3,STABLE,,,INSUFFICIENT_DATA,3,3,STABLE,1494,16
baustelle job,EXACT,EX | 26 | CH | SEARCH | LEAD | Bauarbeiter,AG | RSA | Bauarbeiter,23473587776,194925305514,333330587241,12,7,7,0.00,0.073,STABLE,3,3,STABLE,,,INSUFFICIENT_DATA,2,2,STABLE,188,
baustelle arbeit,BROAD,EX | 26 | CH | SEARCH | LEAD | Bauarbeiter,AG | RSA | Bauarbeiter,23473587776,194925305514,351539943762,21,7,6,-1.00,-0.013,DECLINING,3,3,STABLE,,,INSUFFICIENT_DATA,2,2,STABLE,855,11
baustelle jobs zürich,EXACT,EX | 26 | CH | SEARCH | LEAD | Bauarbeiter,AG | RSA | Bauarbeiter,23473587776,194925305514,390459704788,8,6,8,2.00,0.226,IMPROVING,,,INSUFFICIENT_DATA,,,INSUFFICIENT_DATA,2,3,IMPROVING,98,11
jobs bau,EXACT,EX | 26 | CH | SEARCH | LEAD | Bauarbeiter,AG | RSA | Bauarbeiter,23473587776,194925305514,1210920370,0,,,,,INSUFFICIENT_DATA,,,INSUFFICIENT_DATA,,,INSUFFICIENT_DATA,,,INSUFFICIENT_DATA,20,
mitarbeiter baustelle,EXACT,EX | 26 | CH | SEARCH | LEAD | Bauarbeiter,AG | RSA | Bauarbeiter,23473587776,194925305514,665608696059,0,,,,,INSUFFICIENT_DATA,,,INSUFFICIENT_DATA,,,INSUFFICIENT_DATA,,,INSUFFICIENT_DATA,15,
trabajo de albañil en suiza,PHRASE,EX | 26 | CH | SEARCH | LEAD | Bauarbeiter,AG | RSA | Bauarbeiter,23473587776,194925305514,2373512743331,0,,,,,INSUFFICIENT_DATA,,,INSUFFICIENT_DATA,,,INSUFFICIENT_DATA,,,INSUFFICIENT_DATA,39,
baustelle jobs,PHRASE,EX | 26 | CH | SEARCH | LEAD | Bauarbeiter,AG | RSA | Bauarbeiter,23473587776,194925305514,353263659590,16,7,6,-1.00,-0.022,DECLINING,3,3,STABLE,,,INSUFFICIENT_DATA,2,2,STABLE,1045,
construction work near me,PHRASE,EX | 26 | CH | SEARCH | LEAD | Bauarbeiter,AG | RSA | Bauarbeiter,23473587776,194925305514,343810186525,0,,,,,INSUFFICIENT_DATA,,,INSUFFICIENT_DATA,,,INSUFFICIENT_DATA,,,INSUFFICIENT_DATA,3,
construction worker switzerland,PHRASE,EX | 26 | CH | SEARCH | LEAD | Bauarbeiter,AG | RSA | Bauarbeiter,23473587776,194925305514,2077578230380,10,7,8,1.00,0.127,IMPROVING,3,3,STABLE,,,INSUFFICIENT_DATA,3,3,STABLE,138,11
bau stellenangebote,EXACT,EX | 26 | CH | SEARCH | LEAD | Bauarbeiter,AG | RSA | Bauarbeiter,23473587776,194925305514,493585112112,0,,,,,INSUFFICIENT_DATA,,,INSUFFICIENT_DATA,,,INSUFFICIENT_DATA,,,INSUFFICIENT_DATA,4,
stellenangebote tiefbaufacharbeiter,BROAD,EX | 26 | CH | SEARCH | LEAD | Grundbauer,AG | RSA | Grundbauer,23473608146,200330564308,343355616713,0,,,,,INSUFFICIENT_DATA,,,INSUFFICIENT_DATA,,,INSUFFICIENT_DATA,,,INSUFFICIENT_DATA,3390,
spezialtiefbau stellen,BROAD,EX | 26 | CH | SEARCH | LEAD | Grundbauer,AG | RSA | Grundbauer,23473608146,200330564308,358066503254,0,,,,,INSUFFICIENT_DATA,,,INSUFFICIENT_DATA,,,INSUFFICIENT_DATA,,,INSUFFICIENT_DATA,9504,
facharbeiter tiefbau,BROAD,EX | 26 | CH | SEARCH | LEAD | Grundbauer,AG | RSA | Grundbauer,23473608146,200330564308,388769533905,0,,,,,INSUFFICIENT_DATA,,,INSUFFICIENT_DATA,,,INSUFFICIENT_DATA,,,INSUFFICIENT_DATA,1564,
grundbauer efz,BROAD,EX | 26 | CH | SEARCH | LEAD | Grundbauer,AG | RSA | Grundbauer,23473608146,200330564308,751650962057,0,,,,,INSUFFICIENT_DATA,,,INSUFFICIENT_DATA,,,INSUFFICIENT_DATA,,,INSUFFICIENT_DATA,0,
heizungsinstallateur jobs,BROAD,EX | 25 | CH | SEARCH | LEAD | Heizungsinstallateur,AG | RSA | Heizungsinstallateur,23473611323,194933381034,314512095563,27,3,5,2.00,0.044,IMPROVING,,,INSUFFICIENT_DATA,2,3,IMPROVING,2,2,STABLE,3317,16
heizungsinstallateur jobs zürich,BROAD,EX | 25 | CH | SEARCH | LEAD | Heizungsinstallateur,AG | RSA | Heizungsinstallateur,23473611323,194933381034,1185690159756,16,3,5,2.00,0.082,IMPROVING,,,INSUFFICIENT_DATA,2,3,IMPROVING,2,2,STABLE,1209,16
heizung sanitär stellenangebote,PHRASE,EX | 25 | CH | SEARCH | LEAD | Heizungsinstallateur,AG | RSA | Heizungsinstallateur KW Testing,23473611323,194378322893,355326574705,0,,,,,INSUFFICIENT_DATA,,,INSUFFICIENT_DATA,,,INSUFFICIENT_DATA,,,INSUFFICIENT_DATA,204,
heizungsinstallateur basel,BROAD,EX | 25 | CH | SEARCH | LEAD | Heizungsinstallateur,AG | RSA | Heizungsinstallateur KW Testing,23473611323,194378322893,315682387861,1,8,8,,,INSUFFICIENT_DATA,,,INSUFFICIENT_DATA,,,INSUFFICIENT_DATA,,,INSUFFICIENT_DATA,17,
job als heizungsmonteur,BROAD,EX | 25 | CH | SEARCH | LEAD | Heizungsinstallateur,AG | RSA | Heizungsinstallateur KW Testing,23473611323,194378322893,447945944042,0,,,,,INSUFFICIENT_DATA,,,INSUFFICIENT_DATA,,,INSUFFICIENT_DATA,,,INSUFFICIENT_DATA,2716,
heizungsmonteur jobs,BROAD,EX | 25 | CH | SEARCH | LEAD | Heizungsinstallateur,AG | RSA | Heizungsinstallateur KW Testing,23473611323,194378322893,302308455100,2,7,7,,,INSUFFICIENT_DATA,,,INSUFFICIENT_DATA,,,INSUFFICIENT_DATA,,,INSUFFICIENT_DATA,73,
heizungsmonteur stellenangebote,BROAD,EX | 25 | CH | SEARCH | LEAD | Heizungsinstallateur,AG | RSA | Heizungsinstallateur KW Testing,23473611323,194378322893,303135343649,0,,,,,INSUFFICIENT_DATA,,,INSUFFICIENT_DATA,,,INSUFFICIENT_DATA,,,INSUFFICIENT_DATA,1064,
heizung job,PHRASE,EX | 25 | CH | SEARCH | LEAD | Heizungsinstallateur,AG | RSA | Heizungsinstallateur KW Testing,23473611323,194378322893,516416236054,0,,,,,INSUFFICIENT_DATA,,,INSUFFICIENT_DATA,,,INSUFFICIENT_DATA,,,INSUFFICIENT_DATA,54,
servicetechniker heizung,BROAD,EX | 25 | CH | SEARCH | LEAD | Heizungsinstallateur,AG | RSA | Heizungsinstallateur KW Testing,23473611323,194378322893,308625970303,0,,,,,INSUFFICIENT_DATA,,,INSUFFICIENT_DATA,,,INSUFFICIENT_DATA,,,INSUFFICIENT_DATA,4,
stellenangebote heizung sanitär,BROAD,EX | 25 | CH | SEARCH | LEAD | Heizungsinstallateur,AG | RSA | Heizungsinstallateur KW Testing,23473611323,194378322893,319237167586,0,,,,,INSUFFICIENT_DATA,,,INSUFFICIENT_DATA,,,INSUFFICIENT_DATA,,,INSUFFICIENT_DATA,836,
heizung sanitär job,PHRASE,EX | 25 | CH | SEARCH | LEAD | Heizungsinstallateur,AG | RSA | Heizungsinstallateur KW Testing,23473611323,194378322893,358983154445,0,,,,,INSUFFICIENT_DATA,,,INSUFFICIENT_DATA,,,INSUFFICIENT_DATA,,,INSUFFICIENT_DATA,80,
arbeit heizung,BROAD,EX | 25 | CH | SEARCH | LEAD | Heizungsinstallateur,AG | RSA | Heizungsinstallateur KW Testing,23473611323,194378322893,302308443980,0,,,,,INSUFFICIENT_DATA,,,INSUFFICIENT_DATA,,,INSUFFICIENT_DATA,,,INSUFFICIENT_DATA,32,
trockenbau stelle,EXACT,EX | 26 | CH | SEARCH | LEAD | Trockenbauer,AG | RSA | Trockenbauer,23473633574,192620715275,420111006874,0,,,,,INSUFFICIENT_DATA,,,INSUFFICIENT_DATA,,,INSUFFICIENT_DATA,,,INSUFFICIENT_DATA,12,
trockenbau jobs in der nähe,EXACT,EX | 26 | CH | SEARCH | LEAD | Trockenbauer,AG | RSA | Trockenbauer,23473633574,192620715275,458215943491,0,,,,,INSUFFICIENT_DATA,,,INSUFFICIENT_DATA,,,INSUFFICIENT_DATA,,,INSUFFICIENT_DATA,36,
trockenbauer,EXACT,EX | 26 | CH | SEARCH | LEAD | Trockenbauer,AG | RSA | Trockenbauer,23473633574,192620715275,921401031,3,5,5,,,INSUFFICIENT_DATA,,,INSUFFICIENT_DATA,,,INSUFFICIENT_DATA,,,INSUFFICIENT_DATA,95,
trockenbauer job,EXACT,EX | 26 | CH | SEARCH | LEAD | Trockenbauer,AG | RSA | Trockenbauer,23473633574,192620715275,303055946766,6,3,3,0.00,0.000,STABLE,2,2,STABLE,3,2,DECLINING,2,2,STABLE,86,11
jobsuche trockenbau,PHRASE,EX | 26 | CH | SEARCH | LEAD | Trockenbauer,AG | RSA | Trockenbauer,23473633574,192620715275,354110690153,0,,,,,INSUFFICIENT_DATA,,,INSUFFICIENT_DATA,,,INSUFFICIENT_DATA,,,INSUFFICIENT_DATA,78,
job trockenbauer,PHRASE,EX | 26 | CH | SEARCH | LEAD | Trockenbauer,AG | RSA | Trockenbauer,23473633574,192620715275,355892099179,0,,,,,INSUFFICIENT_DATA,,,INSUFFICIENT_DATA,,,INSUFFICIENT_DATA,,,INSUFFICIENT_DATA,220,
trockenbauer arbeit,PHRASE,EX | 26 | CH | SEARCH | LEAD | Trockenbauer,AG | RSA | Trockenbauer,23473633574,192620715275,370604877060,0,,,,,INSUFFICIENT_DATA,,,INSUFFICIENT_DATA,,,INSUFFICIENT_DATA,,,INSUFFICIENT_DATA,95,
trockenbauer schweiz,EXACT,EX | 26 | CH | SEARCH | LEAD | Trockenbauer,AG | RSA | Trockenbauer,23473633574,192620715275,356964460218,0,,,,,INSUFFICIENT_DATA,,,INSUFFICIENT_DATA,,,INSUFFICIENT_DATA,,,INSUFFICIENT_DATA,15,
trockenbauer jobs schweiz,PHRASE,EX | 26 | CH | SEARCH | LEAD | Trockenbauer,AG | RSA | Trockenbauer,23473633574,192620715275,1255054755777,5,7,5,-2.00,-0.600,DECLINING_SHARP,,,INSUFFICIENT_DATA,3,3,STABLE,2,2,STABLE,89,11
stellenangebote trockenbauer,PHRASE,EX | 26 | CH | SEARCH | LEAD | Trockenbauer,AG | RSA | Trockenbauer,23473633574,192620715275,358678554869,0,,,,,INSUFFICIENT_DATA,,,INSUFFICIENT_DATA,,,INSUFFICIENT_DATA,,,INSUFFICIENT_DATA,89,
jobs metallbaukonstrukteur,BROAD,EX | 26 | CH | SEARCH | LEAD | Metallbaukonstrukteur,AG | RSA | Metallbaukonstukteur,23478160315,198596624624,382257075747,0,,,,,INSUFFICIENT_DATA,,,INSUFFICIENT_DATA,,,INSUFFICIENT_DATA,,,INSUFFICIENT_DATA,5255,
stellen metallbaukonstrukteur,BROAD,EX | 26 | CH | SEARCH | LEAD | Metallbaukonstrukteur,AG | RSA | Metallbaukonstukteur,23478160315,198596624624,575736412518,14,5,5,0.00,0.000,STABLE,,,INSUFFICIENT_DATA,3,3,STABLE,2,2,STABLE,796,11
metallbau jobs schweiz,BROAD,EX | 26 | CH | SEARCH | LEAD | Metallbaukonstrukteur,AG | RSA | Metallbaukonstukteur KW Testing,23478160315,194846353335,312603820467,3,7,7,,,INSUFFICIENT_DATA,,,INSUFFICIENT_DATA,,,INSUFFICIENT_DATA,,,INSUFFICIENT_DATA,1235,
metallbaukonstrukteur jobs,BROAD,EX | 26 | CH | SEARCH | LEAD | Metallbaukonstrukteur,AG | RSA | Metallbaukonstukteur KW Testing,23478160315,194846353335,315391350623,0,,,,,INSUFFICIENT_DATA,,,INSUFFICIENT_DATA,,,INSUFFICIENT_DATA,,,INSUFFICIENT_DATA,5,
cnc fräser jobs,BROAD,EX | 26 | CH | SEARCH | LEAD | Metallbaukonstrukteur,AG | RSA | Metallbaukonstukteur KW Testing,23478160315,194846353335,365166689237,0,,,,,INSUFFICIENT_DATA,,,INSUFFICIENT_DATA,,,INSUFFICIENT_DATA,,,INSUFFICIENT_DATA,8,
cnc jobs,BROAD,EX | 26 | CH | SEARCH | LEAD | Metallbaukonstrukteur,AG | RSA | Metallbaukonstukteur,23478160315,198596624624,18621642,10,5,5,0.00,0.061,STABLE,,,INSUFFICIENT_DATA,3,3,STABLE,2,2,STABLE,322,11
cnc mechaniker job,BROAD,EX | 26 | CH | SEARCH | LEAD | Metallbaukonstrukteur,AG | RSA | Metallbaukonstukteur KW Testing,23478160315,194846353335,303982952083,0,,,,,INSUFFICIENT_DATA,,,INSUFFICIENT_DATA,,,INSUFFICIENT_DATA,,,INSUFFICIENT_DATA,82,
metallbaukonstrukteur,BROAD,EX | 26 | CH | SEARCH | LEAD | Metallbaukonstrukteur,AG | RSA | Metallbaukonstukteur KW Testing,23478160315,194846353335,509066169512,0,,,,,INSUFFICIENT_DATA,,,INSUFFICIENT_DATA,,,INSUFFICIENT_DATA,,,INSUFFICIENT_DATA,3,
cnc fräser jobs,PHRASE,EX | 26 | CH | SEARCH | LEAD | Metallbaukonstrukteur,AG | RSA | Metallbaukonstukteur KW Testing,23478160315,194846353335,304435562818,0,,,,,INSUFFICIENT_DATA,,,INSUFFICIENT_DATA,,,INSUFFICIENT_DATA,,,INSUFFICIENT_DATA,1,
gerüstbauer stellenangebote,EXACT,EX | 25 | CH | SEARCH | LEAD | Gerüstbauer,AG | RSA | Gerüstbauer,23478231493,195707765470,12301935760,2,5,5,,,INSUFFICIENT_DATA,,,INSUFFICIENT_DATA,,,INSUFFICIENT_DATA,,,INSUFFICIENT_DATA,143,
gerüstbauer jobs,EXACT,EX | 25 | CH | SEARCH | LEAD | Gerüstbauer,AG | RSA | Gerüstbauer,23478231493,195707765470,12301937110,8,5,5,0.00,0.000,STABLE,,,INSUFFICIENT_DATA,3,3,STABLE,2,2,STABLE,131,
gerüstbauer arbeit,EXACT,EX | 25 | CH | SEARCH | LEAD | Gerüstbauer,AG | RSA | Gerüstbauer,23478231493,195707765470,12301955740,0,,,,,INSUFFICIENT_DATA,,,INSUFFICIENT_DATA,,,INSUFFICIENT_DATA,,,INSUFFICIENT_DATA,190,
gerüstbauer job,EXACT,EX | 25 | CH | SEARCH | LEAD | Gerüstbauer,AG | RSA | Gerüstbauer,23478231493,195707765470,27287116937,1,5,5,,,INSUFFICIENT_DATA,,,INSUFFICIENT_DATA,,,INSUFFICIENT_DATA,,,INSUFFICIENT_DATA,53,
gerüstbauer jobs,PHRASE,EX | 25 | CH | SEARCH | LEAD | Gerüstbauer,AG | RSA | Gerüstbauer,23478231493,195707765470,307767267753,22,3,5,2.00,0.024,IMPROVING,,,INSUFFICIENT_DATA,2,3,IMPROVING,2,2,STABLE,748,5
gerüstbauer gesucht,EXACT,EX | 25 | CH | SEARCH | LEAD | Gerüstbauer,AG | RSA | Gerüstbauer,23478231493,195707765470,10532003024,0,,,,,INSUFFICIENT_DATA,,,INSUFFICIENT_DATA,,,INSUFFICIENT_DATA,,,INSUFFICIENT_DATA,30,
gerüstbauer stellenangebot,PHRASE,EX | 25 | CH | SEARCH | LEAD | Gerüstbauer,AG | RSA | Gerüstbauer,23478231493,195707765470,358091324134,0,,,,,INSUFFICIENT_DATA,,,INSUFFICIENT_DATA,,,INSUFFICIENT_DATA,,,INSUFFICIENT_DATA,485,
gerüstbauer stelle,PHRASE,EX | 25 | CH | SEARCH | LEAD | Gerüstbauer,AG | RSA | Gerüstbauer,23478231493,195707765470,1641588936132,11,7,5,-2.00,-0.255,DECLINING_SHARP,,,INSUFFICIENT_DATA,3,3,STABLE,2,2,STABLE,227,5
stellenangebote gerüstbauer,EXACT,EX | 25 | CH | SEARCH | LEAD | Gerüstbauer,AG | RSA | Gerüstbauer,23478231493,195707765470,7348738886,0,,,,,INSUFFICIENT_DATA,,,INSUFFICIENT_DATA,,,INSUFFICIENT_DATA,,,INSUFFICIENT_DATA,5,
stellen gerüstbau,PHRASE,EX | 25 | CH | SEARCH | LEAD | Gerüstbauer,AG | RSA | Gerüstbauer,23478231493,195707765470,470415829340,15,3,5,2.00,0.200,IMPROVING,,,INSUFFICIENT_DATA,2,3,IMPROVING,2,2,STABLE,396,11
gerüstbau zürich jobs,PHRASE,EX | 25 | CH | SEARCH | LEAD | Gerüstbauer,AG | RSA | Gerüstbauer,23478231493,195707765470,2487522744902,0,,,,,INSUFFICIENT_DATA,,,INSUFFICIENT_DATA,,,INSUFFICIENT_DATA,,,INSUFFICIENT_DATA,11,
stellenangebote maurer,BROAD,EX | 26 | CH | SEARCH | LEAD | Maurer,AG | RSA | Maurer,23478250789,189117549302,1039261243,0,,,,,INSUFFICIENT_DATA,,,INSUFFICIENT_DATA,,,INSUFFICIENT_DATA,,,INSUFFICIENT_DATA,4186,
jobs maurer,PHRASE,EX | 26 | CH | SEARCH | LEAD | Maurer,AG | RSA | Maurer,23478250789,189117549302,303040627186,5,3,3,0.00,0.000,STABLE,,,INSUFFICIENT_DATA,2,2,STABLE,2,2,STABLE,109,
maurer jobs bern,EXACT,EX | 26 | CH | SEARCH | LEAD | Maurer,AG | RSA | Maurer,23478250789,189117549302,325350739840,0,,,,,INSUFFICIENT_DATA,,,INSUFFICIENT_DATA,,,INSUFFICIENT_DATA,,,INSUFFICIENT_DATA,29,
maurer efz,EXACT,EX | 26 | CH | SEARCH | LEAD | Maurer,AG | RSA | Maurer,23478250789,189117549302,1188250874304,0,,,,,INSUFFICIENT_DATA,,,INSUFFICIENT_DATA,,,INSUFFICIENT_DATA,,,INSUFFICIENT_DATA,29,
maurer temporär,PHRASE,EX | 26 | CH | SEARCH | LEAD | Maurer,AG | RSA | Maurer,23478250789,189117549302,1665913473564,3,8,8,,,INSUFFICIENT_DATA,,,INSUFFICIENT_DATA,,,INSUFFICIENT_DATA,,,INSUFFICIENT_DATA,98,
maurer gesucht,PHRASE,EX | 26 | CH | SEARCH | LEAD | Maurer,AG | RSA | Maurer,23478250789,189117549302,4730694794,3,3,3,,,INSUFFICIENT_DATA,,,INSUFFICIENT_DATA,,,INSUFFICIENT_DATA,,,INSUFFICIENT_DATA,76,
maurer jobs zürich,PHRASE,EX | 26 | CH | SEARCH | LEAD | Maurer,AG | RSA | Maurer,23478250789,189117549302,326459354854,0,,,,,INSUFFICIENT_DATA,,,INSUFFICIENT_DATA,,,INSUFFICIENT_DATA,,,INSUFFICIENT_DATA,12,
maurer offene stellen,PHRASE,EX | 26 | CH | SEARCH | LEAD | Maurer,AG | RSA | Maurer,23478250789,189117549302,436687795640,6,3,3,0.00,0.000,STABLE,,,INSUFFICIENT_DATA,2,2,STABLE,2,2,STABLE,103,11
offerte lavoro muratore vitto alloggio svizzera,PHRASE,EX | 26 | CH | SEARCH | LEAD | Maurer,AG | RSA | Maurer,23478250789,189117549302,753218508900,0,,,,,INSUFFICIENT_DATA,,,INSUFFICIENT_DATA,,,INSUFFICIENT_DATA,,,INSUFFICIENT_DATA,3,
arbeit als maurer,BROAD,EX | 26 | CH | SEARCH | LEAD | Maurer,AG | RSA | Maurer,23478250789,189117549302,312943866186,0,,,,,INSUFFICIENT_DATA,,,INSUFFICIENT_DATA,,,INSUFFICIENT_DATA,,,INSUFFICIENT_DATA,376,
jobs maurer basel,PHRASE,EX | 26 | CH | SEARCH | LEAD | Maurer,AG | RSA | Maurer,23478250789,189117549302,1637289783961,0,,,,,INSUFFICIENT_DATA,,,INSUFFICIENT_DATA,,,INSUFFICIENT_DATA,,,INSUFFICIENT_DATA,3,
strassenbau jobs,BROAD,EX | 26 | CH | SEARCH | LEAD | Strassenbauer,AG | RSA | Strassenbauer,23478262294,193437338762,5309773897,10,7,7,0.00,0.085,STABLE,3,3,STABLE,3,3,STABLE,3,2,DECLINING,418,11
strassenbau stellen,BROAD,EX | 26 | CH | SEARCH | LEAD | Strassenbauer,AG | RSA | Strassenbauer,23478262294,193437338762,11102613116,14,8,8,0.00,0.000,STABLE,,,INSUFFICIENT_DATA,,,INSUFFICIENT_DATA,3,3,STABLE,1143,
offene stellen strassenbau,BROAD,EX | 26 | CH | SEARCH | LEAD | Strassenbauer,AG | RSA | Strassenbauer,23478262294,193437338762,298317240901,6,6,5,-1.00,-0.143,DECLINING,3,3,STABLE,,,INSUFFICIENT_DATA,2,2,STABLE,514,16
strassenbauer jobs,BROAD,EX | 26 | CH | SEARCH | LEAD | Strassenbauer,AG | RSA | Strassenbauer,23478262294,193437338762,298317241341,26,8,5,-3.00,-0.064,DECLINING_SHARP,,,INSUFFICIENT_DATA,3,3,STABLE,3,2,DECLINING,1392,11
strassenbauer stellen,BROAD,EX | 26 | CH | SEARCH | LEAD | Strassenbauer,AG | RSA | Strassenbauer,23478262294,193437338762,298317241381,12,7,7,0.00,0.000,STABLE,,,INSUFFICIENT_DATA,,,INSUFFICIENT_DATA,3,2,DECLINING,366,
strassenbau stellenangebote,BROAD,EX | 26 | CH | SEARCH | LEAD | Strassenbauer,AG | RSA | Strassenbauer,23478262294,193437338762,304451261231,1,7,7,,,INSUFFICIENT_DATA,,,INSUFFICIENT_DATA,,,INSUFFICIENT_DATA,,,INSUFFICIENT_DATA,34,
job als strassenbauer,EXACT,EX | 26 | CH | SEARCH | LEAD | Strassenbauer,AG | RSA | Strassenbauer,23478262294,193437338762,359065875338,1,7,7,,,INSUFFICIENT_DATA,,,INSUFFICIENT_DATA,,,INSUFFICIENT_DATA,,,INSUFFICIENT_DATA,61,
jobs strassenbauer,BROAD,EX | 26 | CH | SEARCH | LEAD | Strassenbauer,AG | RSA | Strassenbauer,23478262294,193437338762,384759846418,23,6,5,-1.00,-0.064,DECLINING,3,3,STABLE,3,2,DECLINING,3,3,STABLE,1605,
strassenbauer efz,EXACT,EX | 26 | CH | SEARCH | LEAD | Strassenbauer,AG | RSA | Strassenbauer,23478262294,193437338762,887518821049,0,,,,,INSUFFICIENT_DATA,,,INSUFFICIENT_DATA,,,INSUFFICIENT_DATA,,,INSUFFICIENT_DATA,19,
temporär Strassenbauer,BROAD,EX | 26 | CH | SEARCH | LEAD | Strassenbauer,AG | RSA | Strassenbauer,23478262294,193437338762,2464253372875,0,,,,,INSUFFICIENT_DATA,,,INSUFFICIENT_DATA,,,INSUFFICIENT_DATA,,,INSUFFICIENT_DATA,3781,
asphalt work,PHRASE,EX | 26 | CH | SEARCH | LEAD | Strassenbauer,AG | RSA | Strassenbauer,23478262294,193437338762,302375533651,0,,,,,INSUFFICIENT_DATA,,,INSUFFICIENT_DATA,,,INSUFFICIENT_DATA,,,INSUFFICIENT_DATA,1,
city work,PHRASE,EX | 26 | CH | SEARCH | LEAD | Strassenbauer,AG | RSA | Strassenbauer,23478262294,193437338762,318591052251,0,,,,,INSUFFICIENT_DATA,,,INSUFFICIENT_DATA,,,INSUFFICIENT_DATA,,,INSUFFICIENT_DATA,6,
strassenbauer jobs schweiz,PHRASE,EX | 26 | CH | SEARCH | LEAD | Strassenbauer,AG | RSA | Strassenbauer,23478262294,193437338762,1720220764245,0,,,,,INSUFFICIENT_DATA,,,INSUFFICIENT_DATA,,,INSUFFICIENT_DATA,,,INSUFFICIENT_DATA,2,
straßenbau stellenangebote,PHRASE,EX | 26 | CH | SEARCH | LEAD | Strassenbauer,AG | RSA | Strassenbauer,23478262294,193437338762,324041043065,0,,,,,INSUFFICIENT_DATA,,,INSUFFICIENT_DATA,,,INSUFFICIENT_DATA,,,INSUFFICIENT_DATA,2,
Adecco,BROAD,EX | 26 | CH | SEARCH | LEAD | Compeditor,AG | RSA | Compeditor,23619183073,193899557756,26492691,23,1,1,0.00,-0.036,STABLE,2,2,STABLE,2,2,STABLE,2,2,STABLE,2863,16
Jop.ch,BROAD,EX | 26 | CH | SEARCH | LEAD | Compeditor,AG | RSA | Compeditor,23619183073,193899557756,801030903974,17,3,3,0.00,0.000,STABLE,2,2,STABLE,3,3,STABLE,2,2,STABLE,3089,16
JobCloud,BROAD,EX | 26 | CH | SEARCH | LEAD | Compeditor,AG | RSA | Compeditor,23619183073,193899557756,803285459748,1,5,5,,,INSUFFICIENT_DATA,,,INSUFFICIENT_DATA,,,INSUFFICIENT_DATA,,,INSUFFICIENT_DATA,26,
Job24,BROAD,EX | 26 | CH | SEARCH | LEAD | Compeditor,AG | RSA | Compeditor,23619183073,193899557756,819775100802,7,3,1,-2.00,-0.429,DECLINING_SHARP,2,2,STABLE,3,2,DECLINING,2,2,STABLE,5743,16
team.jobs,BROAD,EX | 26 | CH | SEARCH | LEAD | Compeditor,AG | RSA | Compeditor,23619183073,193899557756,2332015511973,2,4,4,,,INSUFFICIENT_DATA,,,INSUFFICIENT_DATA,,,INSUFFICIENT_DATA,,,INSUFFICIENT_DATA,47,
OK Job,BROAD,EX | 26 | CH | SEARCH | LEAD | Compeditor,AG | RSA | Compeditor,23619183073,193899557756,2352403714734,11,3,3,0.00,-0.036,STABLE,2,2,STABLE,3,3,STABLE,2,2,STABLE,446,11
WorkerJobs,BROAD,EX | 26 | CH | SEARCH | LEAD | Compeditor,AG | RSA | Compeditor,23619183073,193899557756,2467936205686,0,,,,,INSUFFICIENT_DATA,,,INSUFFICIENT_DATA,,,INSUFFICIENT_DATA,,,INSUFFICIENT_DATA,570,
Indeed jobs,PHRASE,EX | 26 | CH | SEARCH | LEAD | Compeditor,AG | RSA | Compeditor,23619183073,193899557756,310185476869,8,3,3,0.00,0.000,STABLE,2,2,STABLE,3,3,STABLE,2,2,STABLE,126,11
adecco jobs,BROAD,EX | 26 | CH | SEARCH | LEAD | Compeditor,AG | RSA | Compeditor,23619183073,193899557756,108946645,0,,,,,INSUFFICIENT_DATA,,,INSUFFICIENT_DATA,,,INSUFFICIENT_DATA,,,INSUFFICIENT_DATA,33,
Manpower jobs,BROAD,EX | 26 | CH | SEARCH | LEAD | Compeditor,AG | RSA | Compeditor,23619183073,193899557756,1373422821,19,5,3,-2.00,-0.049,DECLINING_SHARP,2,2,STABLE,3,3,STABLE,2,2,STABLE,1316,16
Kelly Services jobs,BROAD,EX | 26 | CH | SEARCH | LEAD | Compeditor,AG | RSA | Compeditor,23619183073,193899557756,335737854154,1,1,1,,,INSUFFICIENT_DATA,,,INSUFFICIENT_DATA,,,INSUFFICIENT_DATA,,,INSUFFICIENT_DATA,37,
Coople jobs,BROAD,EX | 26 | CH | SEARCH | LEAD | Compeditor,AG | RSA | Compeditor,23619183073,193899557756,2476541210334,15,3,5,2.00,0.157,IMPROVING,2,2,STABLE,3,3,STABLE,2,3,IMPROVING,517,5
migros industrie jobs,BROAD,EX | 26 | CH | SEARCH | LEAD | Compeditor,AG | RSA | Compeditor,23619183073,193899557756,449216991273,0,,,,,INSUFFICIENT_DATA,,,INSUFFICIENT_DATA,,,INSUFFICIENT_DATA,,,INSUFFICIENT_DATA,2,
Jooble jobs,BROAD,EX | 26 | CH | SEARCH | LEAD | Compeditor,AG | RSA | Compeditor,23619183073,193899557756,902262814519,0,,,,,INSUFFICIENT_DATA,,,INSUFFICIENT_DATA,,,INSUFFICIENT_DATA,,,INSUFFICIENT_DATA,1,
manpower,EXACT,EX | 26 | CH | SEARCH | LEAD | Compeditor,AG | RSA | Compeditor,23619183073,193899557756,101714104,10,1,1,0.00,0.000,STABLE,2,2,STABLE,2,2,STABLE,2,2,STABLE,381,16
JobScout24 jobs,BROAD,EX | 26 | CH | SEARCH | LEAD | Compeditor,AG | RSA | Compeditor,23619183073,193899557756,2476541210294,0,,,,,INSUFFICIENT_DATA,,,INSUFFICIENT_DATA,,,INSUFFICIENT_DATA,,,INSUFFICIENT_DATA,93,
das team job,BROAD,EX | 26 | CH | SEARCH | LEAD | Compeditor,AG | RSA | Compeditor,23619183073,193899557756,2476541210374,0,,,,,INSUFFICIENT_DATA,,,INSUFFICIENT_DATA,,,INSUFFICIENT_DATA,,,INSUFFICIENT_DATA,16,
